id_produto,nome_produto,categoria,marca,nosso_preco,preco_medio_concorrentes,preco_minimo_concorrentes,preco_maximo_concorrentes,total_concorrentes,diferenca_pct_vs_media,diferenca_pct_vs_minimo,classificacao_preco,possui_preco_suspeito,receita,itens_vendidos
prd_89d76b194110,Travesseiro Ortopédico,Casa,Sony,179.99,183.59,179.99,190.79,3,-1.96,0.00,ABAIXO_DA_MEDIA,False,1214.93,7
prd_82cd17cb589d,Persiana Vertical,Casa,Dell,44.90,45.12,42.65,47.59,4,-0.49,5.28,ABAIXO_DA_MEDIA,False,3111.46,73
prd_0c113961481f,Vestido Floral,Moda,Apple,243.90,241.46,239.02,243.90,2,1.01,2.04,ACIMA_DA_MEDIA,False,2560.93,11
prd_4327485950d4,Tênis Nike Revolution,Tênis,Adidas,105.90,52.95,52.95,52.95,4,100.00,100.00,MAIS_CARO_QUE_TODOS,True,0.00,0
prd_d8ec0b81e223,Toca-discos USB,Áudio,O Boticário,371.90,374.38,364.46,394.21,3,-0.66,2.04,ABAIXO_DA_MEDIA,False,2454.53,7
prd_39484d5e0b36,Tênis Nike Revolution,Tênis,Adidas,69.90,34.95,34.95,34.95,4,100.00,100.00,MAIS_CARO_QUE_TODOS,True,0.00,0
prd_6742b65088d8,Porta-temperos,Cozinha,Adidas,41.99,42.41,41.99,43.25,3,-0.99,0.00,ABAIXO_DA_MEDIA,False,440.89,11
prd_38c1b898aecc,Microfone para Stream,Games,Samsung,140.90,136.67,133.85,140.90,4,3.10,5.27,ACIMA_DA_MEDIA,False,8334.20,62
prd_93ed035b2e9e,Peneira Inox,Cozinha,Arno,116.99,113.09,107.63,116.99,3,3.45,8.70,ACIMA_DA_MEDIA,False,678.54,6
prd_686e2aab873d,Blusa de Frio,Moda,Philips,89.50,89.73,87.71,92.19,4,-0.26,2.04,ABAIXO_DA_MEDIA,False,9589.86,110
prd_694bd92302c1,Gabinete ATX,Informática,Mondial,92.90,94.76,92.90,98.47,3,-1.96,0.00,ABAIXO_DA_MEDIA,False,1491.04,16
prd_1e4ccab8af1a,Máscara Facial,Beleza,Apple,111.90,108.54,106.31,109.66,3,3.10,5.26,MAIS_CARO_QUE_TODOS,False,1740.06,16
prd_6343e70ed4b9,Sérum Vitamina C,Beleza,Xiaomi,152.00,150.48,139.84,167.20,3,1.01,8.70,ACIMA_DA_MEDIA,False,1626.40,11
prd_00f202452062,Espelho de Parede,Casa,Sony,170.90,171.76,167.48,176.03,4,-0.50,2.04,ABAIXO_DA_MEDIA,False,0.00,0
prd_2bf8388221ea,Mouse Gamer RGB,Games,Asus,49.99,52.49,49.99,54.99,2,-4.76,0.00,ABAIXO_DA_MEDIA,False,579.88,12
prd_ef0b5e05efef,Creme Hidratante,Beleza,Electrolux,247.90,247.07,242.94,255.34,3,0.34,2.04,ACIMA_DA_MEDIA,False,1908.83,8
prd_8b22fd85d500,Garrafa Térmica 1L,Cozinha,Sony,324.99,331.49,324.99,344.49,3,-1.96,0.00,ABAIXO_DA_MEDIA,False,21498.06,69
prd_c11c85a4804c,Quadro Decorativo,Casa,Mondial,93.99,92.11,92.11,92.11,3,2.04,2.04,MAIS_CARO_QUE_TODOS,False,0.00,0
prd_52514818b0b6,Raquete de Tênis,Esporte,Asus,69.90,69.73,66.41,72.00,4,0.24,5.26,ACIMA_DA_MEDIA,False,0.00,0
prd_645f7859f379,Calça Jeans Skinny,Moda,Asus,486.90,491.77,462.55,516.11,4,-0.99,5.26,ABAIXO_DA_MEDIA,False,41313.34,88
prd_a7c360e156c0,Gabinete ATX,Informática,Motorola,171.99,174.14,163.39,189.19,4,-1.23,5.26,ABAIXO_DA_MEDIA,False,662.16,4
prd_8fa1119d3982,Roteador Wi-Fi 6,Eletrônicos,Adidas,39.90,41.63,39.90,43.89,3,-4.16,0.00,ABAIXO_DA_MEDIA,False,231.42,6
prd_9a3dfc23b7a3,Relógio Analógico,Acessórios,Mondial,105.50,111.83,111.83,111.83,2,-5.66,-5.66,MAIS_BARATO_QUE_TODOS,False,1840.95,18
prd_bc0258300d50,Assadeira de Vidro,Cozinha,Sony,35.99,36.89,35.27,38.15,4,-2.44,2.04,ABAIXO_DA_MEDIA,False,0.00,0
prd_5744e3f88341,Jarra de Vidro,Cozinha,Apple,192.90,193.54,189.04,198.69,3,-0.33,2.04,ABAIXO_DA_MEDIA,False,1986.89,11
prd_06c19781c3db,Assadeira de Vidro,Cozinha,Nike,100.90,95.86,92.83,98.88,3,5.26,8.69,MAIS_CARO_QUE_TODOS,False,585.22,6
prd_ebb0865fc95d,Fone Gamer RGB,Áudio,Arno,175.99,172.03,167.19,181.27,4,2.30,5.26,ACIMA_DA_MEDIA,False,1522.31,9
prd_c62100cc281c,Webcam para Stream,Games,Samsung,48.90,48.04,46.45,50.37,4,1.79,5.27,ACIMA_DA_MEDIA,False,4828.73,102
prd_c1f6dcbed826,Descascador de Legumes,Cozinha,Adidas,192.90,194.18,189.04,204.47,3,-0.66,2.04,ABAIXO_DA_MEDIA,False,2758.49,15
prd_9aa451566556,Jarra de Vidro,Cozinha,Apple,395.90,392.93,376.10,419.65,4,0.76,5.26,ACIMA_DA_MEDIA,False,4513.23,12
prd_ea6b930ce9ac,Gravador de Voz,Áudio,Lenovo,156.99,159.35,156.99,161.70,2,-1.48,0.00,ABAIXO_DA_MEDIA,False,1569.90,10
prd_2255432fabe7,Marcador de Texto,Acessórios,Nike,119.99,116.99,110.39,119.99,4,2.56,8.70,ACIMA_DA_MEDIA,False,1361.88,12
prd_11a9489c4c86,Porta-retrato,Casa,Asus,74.99,75.99,71.24,79.49,3,-1.32,5.26,ABAIXO_DA_MEDIA,False,348.70,5
prd_6212ac3178f2,Óculos de Natação,Esporte,Samsung,144.90,137.30,133.31,149.25,4,5.54,8.69,ACIMA_DA_MEDIA,False,1369.33,10
prd_1974423eecee,Suporte para Monitor,Informática,LG,164.50,160.80,156.28,164.50,4,2.30,5.26,ACIMA_DA_MEDIA,False,1414.73,9
prd_51511e44c92a,Kit Gamer Completo,Games,Mondial,88.90,90.24,88.90,91.57,4,-1.48,0.00,ABAIXO_DA_MEDIA,False,8129.85,93
prd_47a25ae10c23,Soundbar TV,Áudio,Acer,88.99,94.33,87.21,97.89,3,-5.66,2.04,ABAIXO_DA_MEDIA,False,1610.71,19
prd_d21486ad974a,Teclado Gamer RGB,Games,Motorola,307.50,304.43,282.90,325.95,4,1.01,8.70,ACIMA_DA_MEDIA,False,1568.25,5
prd_385035a5bc20,Notebook Inspiron 15,Eletrônicos,Adidas,219.90,219.17,215.50,226.50,3,0.33,2.04,ACIMA_DA_MEDIA,False,20813.53,98
prd_afd58e5fd09d,Condicionador Hidratante,Beleza,Asus,451.90,457.55,442.86,479.01,4,-1.23,2.04,ABAIXO_DA_MEDIA,False,31587.75,71
prd_a3ae425a3edd,Pesos de Pulso,Esporte,Philips,83.99,83.99,83.99,83.99,3,0.00,0.00,NA_MEDIA,False,1318.64,16
prd_622325b011e6,Iluminador para Stream,Games,Sony,323.90,334.69,317.42,343.33,3,-3.22,2.04,ABAIXO_DA_MEDIA,False,2720.76,9
prd_b76e68fde5cb,Perfume 100ml,Beleza,Nike,457.90,451.79,435.00,471.64,3,1.35,5.26,ACIMA_DA_MEDIA,False,4350.03,10
prd_bf94f6ee7033,Mochila Esportiva,Esporte,Sony,78.90,77.92,72.59,81.27,4,1.26,8.69,ACIMA_DA_MEDIA,False,1660.84,22
prd_ab011325c1be,Suporte para Controle,Games,Samsung,31.99,30.39,29.43,31.35,4,5.26,8.70,MAIS_CARO_QUE_TODOS,False,220.73,7
prd_b2fdb7f36a3f,Blusa de Algodão,Moda,LG,52.99,49.55,48.75,50.34,2,6.94,8.70,MAIS_CARO_QUE_TODOS,False,442.46,9
prd_fce914504522,Headset Gamer 7.1,Games,Brastemp,74.99,73.68,71.24,74.99,4,1.78,5.26,ACIMA_DA_MEDIA,False,524.93,7
prd_b17460641fb4,Garrafa Térmica 1L,Cozinha,Xiaomi,239.99,244.79,235.19,263.99,3,-1.96,2.04,ABAIXO_DA_MEDIA,False,2723.88,12
prd_c90040774892,Tênis de Corrida,Esporte,Sony,147.99,146.02,140.59,152.43,3,1.35,5.26,ACIMA_DA_MEDIA,False,2020.06,14
prd_289cf61bbd5e,Porta-moedas,Acessórios,Consul,100.50,95.47,92.46,98.49,3,5.27,8.70,MAIS_CARO_QUE_TODOS,False,793.94,8
prd_a4ee2d52d1c5,Suporte para Controle,Games,Arno,213.90,210.33,203.20,213.90,3,1.70,5.27,ACIMA_DA_MEDIA,False,2534.71,12
prd_84a009f1889d,Cortina Box,Casa,Consul,32.90,32.32,31.25,33.89,4,1.79,5.28,ACIMA_DA_MEDIA,False,2732.25,85
prd_3cf08e85ad27,Suporte para Controle,Games,Philips,31.90,30.84,29.35,32.86,3,3.44,8.69,ACIMA_DA_MEDIA,False,0.00,0
prd_0aba258682b7,Vestido Floral,Moda,Adidas,72.50,72.01,66.70,74.67,3,0.68,8.70,ACIMA_DA_MEDIA,False,783.01,11
prd_11bf1703f8e9,Caixa de Som Portátil,Áudio,O Boticário,48.00,47.16,45.60,48.00,4,1.78,5.26,ACIMA_DA_MEDIA,False,374.40,8
prd_eda682ecfacb,Organizador de Gaveta,Casa,Electrolux,171.00,169.72,162.45,181.26,4,0.75,5.26,ACIMA_DA_MEDIA,False,1898.10,11
prd_b4a98acf1a5f,Cardigan de Lã,Moda,LG,35.90,35.36,34.10,36.98,4,1.53,5.28,ACIMA_DA_MEDIA,False,355.40,10
prd_fd706b862db2,Cinto de Couro,Acessórios,Philips,584.99,587.92,573.29,620.09,4,-0.50,2.04,ABAIXO_DA_MEDIA,False,0.00,0
prd_305f920b8836,Brincos de Prata,Acessórios,Lenovo,935.50,926.15,888.72,963.57,4,1.01,5.26,ACIMA_DA_MEDIA,False,6174.29,7
prd_96fbc500aec1,Edredom Casal,Casa,Asus,58.90,59.78,54.19,64.79,4,-1.47,8.69,ABAIXO_DA_MEDIA,False,644.95,11
prd_a17c779dd289,Gravador de Voz,Áudio,Asus,64.90,65.55,61.66,71.39,3,-0.99,5.25,ABAIXO_DA_MEDIA,False,869.68,14
prd_1317c4a1f775,Tênis Puma Speedcat,Tênis,Puma,451.90,225.95,225.95,225.95,4,100.00,100.00,MAIS_CARO_QUE_TODOS,True,0.00,0
prd_db8fc9e6fa53,Paleta de Sombras,Beleza,LG,1420.99,1349.94,1307.31,1392.57,4,5.26,8.70,MAIS_CARO_QUE_TODOS,False,10870.57,8
prd_ebdebaf4cd37,Edredom Casal,Casa,Xiaomi,39.90,39.80,37.90,42.29,4,0.25,5.28,ACIMA_DA_MEDIA,False,349.11,9
prd_3805ad8d3d2c,Adaptador HDMI-VGA,Informática,Apple,148.90,147.04,136.99,153.37,4,1.26,8.69,ACIMA_DA_MEDIA,False,588.16,4
prd_6442b103f637,Adaptador HDMI-VGA,Informática,Arno,299.90,309.89,293.90,317.89,3,-3.22,2.04,ABAIXO_DA_MEDIA,False,1454.51,5
prd_5437b387f602,Webcam 1080p,Informática,LG,227.90,222.58,216.50,234.74,3,2.39,5.27,ACIMA_DA_MEDIA,False,1515.54,7
prd_30518d908a92,Cinto de Couro,Acessórios,Asus,80.99,82.41,76.94,85.85,4,-1.72,5.26,ABAIXO_DA_MEDIA,False,8410.78,107
prd_84c0492c5dd9,Óculos de Natação,Esporte,Samsung,132.00,129.03,125.40,135.96,4,2.30,5.26,ACIMA_DA_MEDIA,False,924.00,7
prd_9239eec8982d,HD Externo 2TB,Informática,Arno,51.99,52.12,50.95,53.55,4,-0.25,2.04,ABAIXO_DA_MEDIA,False,3738.06,74
prd_56e08463d21c,Tapete Persa,Casa,Brastemp,223.90,223.15,219.42,230.62,3,0.34,2.04,ACIMA_DA_MEDIA,False,2373.32,11
prd_045813f96891,Cardigan de Lã,Moda,LG,142.99,146.57,135.84,157.29,2,-2.44,5.26,ABAIXO_DA_MEDIA,False,13898.58,102
prd_5a6fd66e1c00,Vestido Casual,Moda,Philips,112.90,109.14,103.87,116.29,3,3.45,8.69,ACIMA_DA_MEDIA,False,2365.26,22
prd_c50822dc2e7c,Teclado Mecânico RGB,Eletrônicos,Philips,223.99,223.43,206.07,237.43,4,0.25,8.70,ACIMA_DA_MEDIA,False,1086.35,5
prd_cc3053305ba7,iPhone 14,Eletrônicos,Motorola,616.90,596.34,567.55,616.90,3,3.45,8.70,ACIMA_DA_MEDIA,False,6662.50,11
prd_3308eb4d2b62,Cobertor de Lã,Casa,Arno,32.99,32.66,30.35,34.97,2,1.01,8.70,ACIMA_DA_MEDIA,False,385.98,12
prd_d0368e440753,Batom Matte,Beleza,Adidas,34.90,34.55,33.15,35.95,2,1.01,5.28,ACIMA_DA_MEDIA,False,520.00,15
prd_31b74a170d35,Saia Midi,Moda,Consul,72.90,77.27,77.27,77.27,1,-5.66,-5.66,MAIS_BARATO_QUE_TODOS,False,338.99,5
prd_6eca734f2e84,Edredom Casal,Casa,Electrolux,227.99,225.14,209.75,234.83,4,1.27,8.70,ACIMA_DA_MEDIA,False,4411.60,20
prd_65c60230d4ed,Base Líquida,Beleza,Asus,99.90,96.57,94.91,99.90,3,3.45,5.26,ACIMA_DA_MEDIA,False,1073.93,11
prd_08611917c0ae,Relógio de Parede,Casa,Adidas,105.99,103.34,97.51,109.17,4,2.56,8.70,ACIMA_DA_MEDIA,False,1335.47,13
prd_359246d9ed10,SSD 500GB,Eletrônicos,Dell,118.99,119.39,113.04,126.13,3,-0.34,5.26,ABAIXO_DA_MEDIA,False,1053.06,9
prd_fb32df842fbd,Vestido Floral,Moda,Consul,92.90,89.19,85.47,92.90,2,4.16,8.69,ACIMA_DA_MEDIA,False,1170.54,13
prd_f063f46a7ef8,Fone de Ouvido Esportivo,Áudio,Consul,1428.99,1436.14,1400.41,1471.86,2,-0.50,2.04,ABAIXO_DA_MEDIA,False,116462.65,85
prd_7af81d9a08ba,Controle PlayStation,Games,O Boticário,49.99,49.99,47.49,54.99,4,0.00,5.26,NA_MEDIA,False,419.91,9
prd_1757e5a44e02,Tênis Nike Blazer,Tênis,Nike,37.90,18.95,18.95,18.95,4,100.00,100.00,MAIS_CARO_QUE_TODOS,True,0.00,0
prd_727f175116c6,Bicicleta Ergométrica,Esporte,Apple,63.90,65.82,63.90,67.73,3,-2.92,0.00,ABAIXO_DA_MEDIA,False,638.99,10
prd_f1f39e56f84d,Bermuda Tactel,Moda,Motorola,54.99,54.99,53.89,58.29,4,0.00,2.04,NA_MEDIA,False,1080.55,20
prd_d5b7bdafd562,Tênis Adidas Stan Smith,Tênis,Nike,197.90,98.95,98.95,98.95,3,100.00,100.00,MAIS_CARO_QUE_TODOS,True,0.00,0
prd_c9ce9d378723,Processador Intel i5,Informática,Electrolux,41.90,42.74,39.80,46.09,4,-1.97,5.28,ABAIXO_DA_MEDIA,False,324.71,8
prd_3e42ffcc8dd9,Mochila Escolar,Acessórios,Acer,67.90,66.99,64.50,69.94,3,1.36,5.27,ACIMA_DA_MEDIA,False,886.08,13
prd_206eacaa3048,Joystick Arcade,Games,Asus,116.99,117.58,111.14,124.01,4,-0.50,5.26,ABAIXO_DA_MEDIA,False,772.13,7
prd_3053916502fb,Cabo USB-C,Eletrônicos,Electrolux,448.50,444.02,412.62,475.41,4,1.01,8.70,ACIMA_DA_MEDIA,False,5987.44,14
prd_6ae727ee4463,Placa Mãe B450,Informática,Xiaomi,74.00,72.34,68.08,76.22,4,2.29,8.70,ACIMA_DA_MEDIA,False,703.00,10
prd_76ede0cece8f,Óculos de Natação,Esporte,Lenovo,58.00,58.77,56.84,61.48,3,-1.31,2.04,ABAIXO_DA_MEDIA,False,504.60,9
prd_3bee9877eb80,Rádio AM/FM,Áudio,Lenovo,45.50,45.20,41.86,48.23,3,0.66,8.70,ACIMA_DA_MEDIA,False,473.20,11
prd_28cd8ab86936,Porta-moedas,Acessórios,Xiaomi,226.00,225.25,221.48,232.78,3,0.33,2.04,ACIMA_DA_MEDIA,False,2881.50,13
prd_dd8079e89b90,Porta-retrato,Casa,Nike,84.90,81.93,80.66,83.20,4,3.63,5.26,MAIS_CARO_QUE_TODOS,False,641.01,8
prd_dfac11815029,Microfone para Stream,Games,Apple,189.00,187.11,173.88,200.34,4,1.01,8.70,ACIMA_DA_MEDIA,False,12294.45,67
prd_4219bde6f03a,Tênis Nike Air Max,Tênis,Adidas,68.99,34.49,34.49,34.49,3,100.03,100.03,MAIS_CARO_QUE_TODOS,True,0.00,0
prd_9f5272275347,Marcador de Texto,Acessórios,Sony,59.50,59.80,54.74,65.45,4,-0.50,8.70,ABAIXO_DA_MEDIA,False,981.74,17
prd_ff35b88df534,SSD 500GB,Eletrônicos,Acer,211.90,210.84,194.95,224.61,4,0.50,8.69,ACIMA_DA_MEDIA,False,15214.52,73
prd_a4025bac91a7,Óculos de Sol,Acessórios,Xiaomi,52.90,52.55,48.67,56.07,3,0.67,8.69,ACIMA_DA_MEDIA,False,5321.61,104
prd_b7490508211e,Vestido Floral,Moda,Apple,220.00,218.90,209.00,226.60,4,0.50,5.26,ACIMA_DA_MEDIA,False,17842.00,84
prd_c29b93111bd9,Colar de Ouro,Acessórios,Arno,206.90,214.14,202.76,227.59,4,-3.38,2.04,ABAIXO_DA_MEDIA,False,3713.87,19
prd_a479149bae3b,Edredom Casal,Casa,Electrolux,87.99,89.46,83.59,96.79,3,-1.64,5.26,ABAIXO_DA_MEDIA,False,607.13,7
prd_f79cf82f8ee0,Caixa de Som JBL,Eletrônicos,Mondial,219.90,216.97,208.91,226.50,3,1.35,5.26,ACIMA_DA_MEDIA,False,1462.35,7
prd_951e09f3ecb1,Chaveiro Personalizado,Acessórios,LG,48.99,47.85,45.07,51.93,3,2.38,8.70,ACIMA_DA_MEDIA,False,411.52,8
prd_e580cb77e94a,Máscara Facial,Beleza,Mondial,107.90,106.01,99.27,111.14,4,1.78,8.69,ACIMA_DA_MEDIA,False,642.00,6
prd_0c5fb549e1c2,Edredom Casal,Casa,Dell,295.90,294.42,272.23,304.78,4,0.50,8.69,ACIMA_DA_MEDIA,False,3743.13,13
prd_d17f09896254,Tênis Nike Revolution,Tênis,Puma,174.90,87.45,87.45,87.45,4,100.00,100.00,MAIS_CARO_QUE_TODOS,True,0.00,0
prd_e561d57f2a21,Caixa de Som 2.1,Áudio,Acer,116.99,118.55,114.65,120.50,3,-1.32,2.04,ABAIXO_DA_MEDIA,False,2129.21,19
prd_9d1aea4d28ae,Pesos de Pulso,Esporte,Sony,1324.90,1341.46,1298.40,1404.39,4,-1.23,2.04,ABAIXO_DA_MEDIA,False,6094.54,5
prd_f4d216bbeb27,Tênis Puma Future,Tênis,Adidas,67.90,33.95,33.95,33.95,3,100.00,100.00,MAIS_CARO_QUE_TODOS,True,0.00,0
prd_2293732b7542,Cortina Blackout,Casa,Xiaomi,68.90,67.98,65.45,70.97,3,1.35,5.27,ACIMA_DA_MEDIA,False,8733.04,130
prd_fd4be5bad76d,Colchonete Yoga,Esporte,Sony,140.90,140.20,133.85,145.13,4,0.50,5.27,ACIMA_DA_MEDIA,False,690.41,5
prd_da5c2c38df2e,Tênis Nike Court,Tênis,Puma,31.90,15.95,15.95,15.95,3,100.00,100.00,MAIS_CARO_QUE_TODOS,True,0.00,0
prd_d92ad43fa137,Smart TV 43 Polegadas,Eletrônicos,Philips,66.90,69.35,63.55,73.59,3,-3.53,5.27,ABAIXO_DA_MEDIA,False,6325.38,99
prd_854644557483,Boné Esportivo,Esporte,Apple,64.90,62.96,59.71,66.85,4,3.08,8.69,ACIMA_DA_MEDIA,False,0.00,0
prd_6747a9118767,Mouse Gamer Logitech,Eletrônicos,Motorola,55.50,54.20,52.72,57.16,3,2.40,5.27,ACIMA_DA_MEDIA,False,0.00,0
prd_eea07161e6c8,Brincos de Prata,Acessórios,Electrolux,48.99,47.36,45.07,50.46,3,3.44,8.70,ACIMA_DA_MEDIA,False,921.01,19
prd_473cb7923d3d,Kit Gamer Completo,Games,Motorola,109.90,110.27,101.11,116.49,3,-0.34,8.69,ABAIXO_DA_MEDIA,False,653.91,6
prd_9d7b9035daa0,Forma de Bolo Redonda,Cozinha,O Boticário,191.90,198.29,188.06,203.41,3,-3.22,2.04,ABAIXO_DA_MEDIA,False,2811.36,15
prd_face62224c50,Tênis Adidas Stan Smith,Tênis,Puma,38.99,19.50,19.50,19.50,4,99.95,99.95,MAIS_CARO_QUE_TODOS,True,0.00,0
prd_9b4e39e312d9,Carteira de Couro,Acessórios,Asus,1287.99,1275.11,1262.23,1287.99,2,1.01,2.04,ACIMA_DA_MEDIA,False,7405.94,6
prd_6f0a4eefed22,Faqueiro Inox 12 Peças,Cozinha,Apple,39.99,40.79,37.99,43.99,4,-1.96,5.26,ABAIXO_DA_MEDIA,False,393.90,10
prd_4ee65ed59110,Frigideira Antiaderente,Cozinha,Philips,41.90,39.80,39.80,39.80,1,5.28,5.28,MAIS_CARO_QUE_TODOS,False,5061.36,124
prd_23664e42a71c,Jogo de Toalhas,Casa,Xiaomi,109.90,106.24,104.41,109.90,3,3.45,5.26,ACIMA_DA_MEDIA,False,5517.07,52
prd_92c0ecf60a58,Jogo de Toalhas,Casa,Brastemp,180.90,185.12,171.85,191.75,3,-2.28,5.27,ABAIXO_DA_MEDIA,False,12011.76,69
prd_64000b956cf3,Tapete Persa,Casa,Motorola,258.90,269.25,253.72,274.43,4,-3.84,2.04,ABAIXO_DA_MEDIA,False,3093.85,12
prd_9b6e92e0766c,Casaco de Inverno,Moda,Arno,35.90,36.62,35.90,36.98,3,-1.97,0.00,ABAIXO_DA_MEDIA,False,357.19,10
prd_7a89c1a36f9e,Mesa para Notebook,Informática,Puma,519.50,519.50,509.11,550.67,4,0.00,2.04,NA_MEDIA,False,1454.59,3
prd_7dd7624b4d5f,Fone de Ouvido com Fio,Áudio,Brastemp,297.90,291.20,283.00,297.90,4,2.30,5.27,ACIMA_DA_MEDIA,False,2010.82,7
prd_40dc70ce05b2,Assadeira de Vidro,Cozinha,Lenovo,1310.50,1326.88,1284.29,1389.13,4,-1.23,2.04,ABAIXO_DA_MEDIA,False,11663.44,9
prd_474405dcce41,Brincos de Prata,Acessórios,Motorola,67.90,69.43,66.54,74.69,4,-2.20,2.04,ABAIXO_DA_MEDIA,False,614.49,9
prd_35a61bfe666d,Teclado Mecânico RGB,Eletrônicos,Xiaomi,55.99,54.03,53.19,54.87,2,3.63,5.26,MAIS_CARO_QUE_TODOS,False,111.98,2
prd_1f81bf3405b1,Fonte PC 500W,Informática,O Boticário,61.90,61.28,58.80,63.76,4,1.01,5.27,ACIMA_DA_MEDIA,False,792.30,13
prd_faf3fd1a4155,Cinto de Couro,Acessórios,Dell,102.90,103.16,100.84,105.99,4,-0.25,2.04,ABAIXO_DA_MEDIA,False,1286.20,13
prd_052f1c397fc6,Carteira de Couro,Acessórios,Philips,66.99,62.97,61.63,65.65,3,6.38,8.70,MAIS_CARO_QUE_TODOS,False,482.33,7
prd_1649b8a625e4,Fone de Ouvido Bluetooth,Áudio,Adidas,99.00,95.04,94.05,97.02,3,4.17,5.26,MAIS_CARO_QUE_TODOS,False,564.30,6
prd_d22d1b8b1502,Camisa Social,Moda,Brastemp,1149.90,1075.16,1057.91,1092.40,2,6.95,8.70,MAIS_CARO_QUE_TODOS,False,115794.92,103
prd_ff56c9132964,Regata Básica,Moda,Xiaomi,213.99,220.41,213.99,226.83,3,-2.91,0.00,ABAIXO_DA_MEDIA,False,4140.70,20
prd_225ae25e0a4f,Tênis Puma Suede,Tênis,Adidas,404.50,202.25,202.25,202.25,4,100.00,100.00,MAIS_CARO_QUE_TODOS,True,0.00,0
prd_ae7b2acb6812,Cinto de Couro,Acessórios,Samsung,1108.90,1097.81,1020.19,1175.43,4,1.01,8.70,ACIMA_DA_MEDIA,False,11809.79,11
prd_02dd786968a0,HD Externo 1TB,Eletrônicos,Adidas,242.99,239.35,238.13,242.99,4,1.52,2.04,ACIMA_DA_MEDIA,False,1883.17,8
prd_d500fa66507e,Shorts Jeans,Moda,Electrolux,384.99,376.33,365.74,396.54,4,2.30,5.26,ACIMA_DA_MEDIA,False,28431.49,76
prd_0347eab01a6c,Memória RAM 8GB,Informática,Mondial,626.00,585.31,575.92,594.70,4,6.95,8.70,MAIS_CARO_QUE_TODOS,False,9202.20,15
prd_bf5d8671f7a9,Placa Mãe B450,Informática,Brastemp,119.90,119.50,113.91,127.09,3,0.33,5.26,ACIMA_DA_MEDIA,False,15569.17,134
prd_3e585d1aaf6c,Gabinete ATX,Informática,LG,209.90,208.50,199.41,216.20,3,0.67,5.26,ACIMA_DA_MEDIA,False,4072.06,19
prd_22f73233f9a5,Notebook Inspiron 15,Eletrônicos,O Boticário,103.90,104.94,98.70,114.29,3,-0.99,5.27,ABAIXO_DA_MEDIA,False,1293.54,13
prd_223c9b6a0a76,Luminária de Mesa,Casa,Mondial,81.99,80.56,77.89,81.99,4,1.78,5.26,ACIMA_DA_MEDIA,False,1377.42,18
prd_5112469132ff,Placa Mãe B450,Informática,Dell,413.50,388.69,380.42,392.82,3,6.38,8.70,MAIS_CARO_QUE_TODOS,False,3535.41,9
prd_0c6ab223bfd4,Post-it,Acessórios,Acer,88.90,87.57,81.79,94.23,4,1.52,8.69,ACIMA_DA_MEDIA,False,0.00,0
prd_2365af16d827,Tela Mosquiteira,Casa,Brastemp,151.00,150.62,147.98,155.53,4,0.25,2.04,ACIMA_DA_MEDIA,False,913.55,6
prd_6185cee255bc,Caixa de Som 2.1,Áudio,LG,107.90,110.78,105.74,118.69,3,-2.60,2.04,ABAIXO_DA_MEDIA,False,318.30,3
prd_df1e44c528e0,Fone de Ouvido Esportivo,Áudio,O Boticário,192.99,190.42,189.13,192.99,3,1.35,2.04,ACIMA_DA_MEDIA,False,3994.89,21
prd_5da705f2fce5,Mouse Gamer RGB,Games,Philips,49.00,48.35,48.02,49.00,3,1.34,2.04,ACIMA_DA_MEDIA,False,0.00,0
prd_651e8d1acbf8,Processador de Alimentos,Cozinha,Brastemp,464.90,466.45,455.60,478.85,3,-0.33,2.04,ABAIXO_DA_MEDIA,False,7554.61,17
prd_728d12065bf5,Suporte para Monitor,Informática,Consul,430.00,433.23,408.50,473.00,4,-0.75,5.26,ABAIXO_DA_MEDIA,False,2515.50,6
prd_380fab5d7131,Porta-retrato,Casa,Philips,142.90,151.47,151.47,151.47,3,-5.66,-5.66,MAIS_BARATO_QUE_TODOS,False,2114.92,15
prd_5ae195cb554b,Microfone para Stream,Games,Samsung,58.50,55.58,53.82,57.33,2,5.25,8.70,MAIS_CARO_QUE_TODOS,False,175.50,3
prd_07ff67746d02,Faqueiro Inox 12 Peças,Cozinha,Mondial,316.99,312.76,301.14,326.50,3,1.35,5.26,ACIMA_DA_MEDIA,False,3058.95,10
prd_fcd221b5cb48,Tênis Puma Future,Tênis,Nike,123.99,61.99,61.99,61.99,4,100.02,100.02,MAIS_CARO_QUE_TODOS,True,0.00,0
prd_334f4a32f979,Persiana Vertical,Casa,Motorola,404.50,395.40,384.27,404.50,4,2.30,5.26,ACIMA_DA_MEDIA,False,42310.56,108
prd_b09d96e599b3,Marcador de Texto,Acessórios,Asus,203.90,202.37,193.70,216.13,4,0.76,5.27,ACIMA_DA_MEDIA,False,397.60,2
prd_996db03524ae,Elástico de Resistência,Esporte,Sony,123.90,126.69,123.90,127.62,4,-2.20,0.00,ABAIXO_DA_MEDIA,False,2093.90,17
prd_032c166122f7,Controle Xbox,Games,Xiaomi,219.90,224.30,219.90,226.50,3,-1.96,0.00,ABAIXO_DA_MEDIA,False,3573.39,17
prd_f8e027f417be,Placa Mãe B450,Informática,O Boticário,180.90,183.31,177.28,186.33,3,-1.31,2.04,ABAIXO_DA_MEDIA,False,859.26,5
prd_e3934c71bd0c,Meia Esportiva,Esporte,Sony,391.90,394.51,384.06,415.41,3,-0.66,2.04,ABAIXO_DA_MEDIA,False,1822.33,5
prd_3fb63c4ea3c2,Óculos de Sol,Acessórios,Arno,164.99,170.49,164.99,181.49,3,-3.23,0.00,ABAIXO_DA_MEDIA,False,998.19,6
prd_1b8a6057bb97,Shampoo Anticaspa,Beleza,Sony,315.99,312.04,290.71,347.59,4,1.27,8.70,ACIMA_DA_MEDIA,False,1263.96,4
prd_899bd21840eb,Mixer de Áudio,Áudio,O Boticário,53.50,53.64,52.43,55.11,4,-0.26,2.04,ABAIXO_DA_MEDIA,False,540.35,10
prd_f35f1b6d73bf,Fone Gamer Wireless,Games,Brastemp,93.99,93.36,89.29,96.81,3,0.67,5.26,ACIMA_DA_MEDIA,False,0.00,0
prd_4e1abbd002eb,Mochila Esportiva,Esporte,Samsung,44.90,47.59,44.00,49.39,4,-5.65,2.05,ABAIXO_DA_MEDIA,False,617.36,14
prd_c632a36ece80,Tênis Nike Air Max,Tênis,Adidas,64.90,32.45,32.45,32.45,3,100.00,100.00,MAIS_CARO_QUE_TODOS,True,0.00,0
prd_205f309c1a21,Tapete Persa,Casa,Sony,34.99,35.43,32.19,38.49,4,-1.24,8.70,ABAIXO_DA_MEDIA,False,3035.35,90
prd_2cbafff50c72,Sabonete Facial,Beleza,Nike,100.90,101.41,95.86,106.95,4,-0.50,5.26,ABAIXO_DA_MEDIA,False,10826.78,112
prd_9120195f0253,Mouse Pad Gamer,Informática,Philips,126.99,121.49,116.83,126.99,3,4.53,8.70,ACIMA_DA_MEDIA,False,0.00,0
prd_2cc016f9687b,Vestido Casual,Moda,Arno,199.90,196.90,189.91,205.90,4,1.52,5.26,ACIMA_DA_MEDIA,False,0.00,0
prd_142839b15f63,Vestido Casual,Moda,Xiaomi,99.50,99.17,97.51,102.48,3,0.33,2.04,ACIMA_DA_MEDIA,False,1248.74,13
prd_f325ffd3f299,Tênis Adidas Samba,Tênis,Nike,43.90,21.95,21.95,21.95,4,100.00,100.00,MAIS_CARO_QUE_TODOS,True,0.00,0
prd_f6a0a3346af9,Carteira de Couro,Acessórios,LG,273.90,274.59,251.99,290.33,4,-0.25,8.69,ABAIXO_DA_MEDIA,False,547.80,2
prd_b4a823952be5,Amplificador de Áudio,Áudio,Consul,73.90,77.59,72.42,81.29,4,-4.76,2.04,ABAIXO_DA_MEDIA,False,727.91,10
prd_2befc441dd56,Bicicleta Ergométrica,Esporte,Motorola,228.99,236.62,228.99,251.89,3,-3.22,0.00,ABAIXO_DA_MEDIA,False,1957.86,9
prd_7798c88cc490,Kit Utensílios de Cozinha,Cozinha,Consul,465.50,459.29,442.22,493.43,3,1.35,5.26,ACIMA_DA_MEDIA,False,6074.79,14
prd_9259039bf9b2,Tábua de Corte,Cozinha,Sony,240.99,239.38,228.94,248.22,3,0.67,5.26,ACIMA_DA_MEDIA,False,4880.04,21
prd_4a5427b33a63,Mouse Pad Gamer,Informática,Sony,78.90,76.93,72.59,83.63,4,2.56,8.69,ACIMA_DA_MEDIA,False,1412.30,18
prd_803bcbb7ef84,Porta-temperos,Cozinha,Samsung,118.00,115.05,108.56,121.54,4,2.56,8.70,ACIMA_DA_MEDIA,False,1534.00,13
prd_90725b7ac0e8,Espelho de Parede,Casa,Adidas,78.99,79.19,72.67,83.73,4,-0.25,8.70,ABAIXO_DA_MEDIA,False,537.13,7
prd_6d4e3b1efd0c,Necessaire,Acessórios,Xiaomi,1139.99,1142.84,1082.99,1174.19,4,-0.25,5.26,ABAIXO_DA_MEDIA,False,63668.43,57
prd_0b790b565ff2,Mixer de Áudio,Áudio,Sony,107.99,107.99,99.35,118.79,4,0.00,8.70,NA_MEDIA,False,91.79,1
prd_92c4758afec3,Vestido Floral,Moda,Arno,325.90,319.38,319.38,319.38,2,2.04,2.04,MAIS_CARO_QUE_TODOS,False,1776.14,6
prd_815b38747487,Conjunto de Malha,Moda,Brastemp,86.50,90.82,89.09,91.69,3,-4.76,-2.91,MAIS_BARATO_QUE_TODOS,False,1029.33,13
prd_d205de276c20,Raquete de Tênis,Esporte,Sony,64.99,64.12,63.69,64.99,3,1.36,2.04,ACIMA_DA_MEDIA,False,253.46,4
prd_c4c05e57d1ff,Tênis Nike Dunk,Tênis,Nike,95.90,47.95,47.95,47.95,4,100.00,100.00,MAIS_CARO_QUE_TODOS,True,0.00,0
prd_9adbaa3083e1,Jaqueta Jeans,Moda,Sony,93.50,90.39,86.02,96.31,3,3.44,8.70,ACIMA_DA_MEDIA,False,1608.19,18
prd_d51f590876b9,Boné Esportivo,Esporte,O Boticário,58.90,61.55,60.67,62.43,2,-4.31,-2.92,MAIS_BARATO_QUE_TODOS,False,521.26,9
prd_abc44b46bee1,Sabonete Facial,Beleza,Asus,149.90,152.90,137.91,164.89,4,-1.96,8.69,ABAIXO_DA_MEDIA,False,442.21,3
prd_55776d3e5c2a,Garrafa Esportiva,Esporte,Adidas,183.90,181.45,174.70,189.42,3,1.35,5.27,ACIMA_DA_MEDIA,False,1572.34,9
prd_40902505f7f1,Fonte PC 500W,Informática,Philips,495.90,490.94,456.23,525.65,4,1.01,8.70,ACIMA_DA_MEDIA,False,1438.11,3
prd_e66747c9b59e,Cesto de Vime,Casa,Brastemp,194.00,193.52,178.48,205.64,4,0.25,8.70,ACIMA_DA_MEDIA,False,3230.10,17
prd_295160cbf171,Controle Xbox,Games,Apple,310.90,333.70,329.55,341.99,3,-6.83,-5.66,MAIS_BARATO_QUE_TODOS,False,2844.71,10
prd_f77140ad51ec,Edredom Casal,Casa,Sony,95.90,98.06,95.90,98.78,4,-2.20,0.00,ABAIXO_DA_MEDIA,False,0.00,0
prd_3dd1d39581ca,Halteres Ajustáveis,Esporte,Asus,52.99,55.51,52.99,58.29,4,-4.54,0.00,ABAIXO_DA_MEDIA,False,389.47,8
prd_c9b4024b7b9e,Toca-discos USB,Áudio,Mondial,95.50,91.20,87.86,95.50,4,4.71,8.70,ACIMA_DA_MEDIA,False,1346.52,15
prd_f7ed5522d23e,Macacão Feminino,Moda,Samsung,242.90,237.43,230.75,250.19,4,2.30,5.27,ACIMA_DA_MEDIA,False,1858.16,8
prd_6b1b9c7303d5,Peneira Inox,Cozinha,Samsung,765.99,727.69,727.69,727.69,2,5.26,5.26,MAIS_CARO_QUE_TODOS,False,4557.64,6
prd_e55f1f3ae9ad,SSD 500GB,Eletrônicos,Arno,71.90,71.90,71.90,71.90,2,0.00,0.00,NA_MEDIA,False,701.04,10
prd_18c839427e8c,Gabinete ATX,Informática,Samsung,798.90,810.88,758.95,878.79,4,-1.48,5.26,ABAIXO_DA_MEDIA,False,8668.06,11
prd_c708b046fef8,Halteres Ajustáveis,Esporte,Mondial,46.00,44.39,43.70,45.08,2,3.63,5.26,MAIS_CARO_QUE_TODOS,False,262.20,6
prd_84fc6c2a33f2,Abre-latas,Cozinha,Sony,393.90,388.65,374.20,405.72,3,1.35,5.26,ACIMA_DA_MEDIA,False,2284.60,6
prd_e772a9cda46d,Blusa de Algodão,Moda,LG,36.90,37.64,36.16,40.59,4,-1.97,2.05,ABAIXO_DA_MEDIA,False,138.37,4
prd_08fc82e8b75d,Persiana Vertical,Casa,Acer,137.90,140.31,131.00,146.17,4,-1.72,5.27,ABAIXO_DA_MEDIA,False,1475.51,11
prd_533e5e22d86e,Rádio AM/FM,Áudio,Acer,337.99,343.91,331.23,358.27,4,-1.72,2.04,ABAIXO_DA_MEDIA,False,0.00,0
prd_1091c2cfe1e9,Edredom Casal,Casa,Sony,425.90,408.86,404.60,417.38,3,4.17,5.26,MAIS_CARO_QUE_TODOS,False,4557.12,11
