estado,id_cliente,nome_cliente,pais,data_cadastro,nome_original,nome_estado,regiao
AM,cus_13af118ef4e8,Sarah Teixeira,Brasil,2024-12-19 20:49:51,Sra. Sarah Teixeira,Amazonas,Norte
AM,cus_c8d383cfde0c,Maria Cecília Oliveira,Brasil,2022-10-02 03:49:51,Maria Cecília Oliveira,Amazonas,Norte
AM,cus_f1a06ae11717,Gustavo Henrique Rios,Brasil,2025-01-19 09:49:51,Gustavo Henrique Rios,Amazonas,Norte
AM,cus_3580317ddeab,Bella Borges,Brasil,2025-01-07 18:49:51,Bella Borges,Amazonas,Norte
SP,cus_31874cf2d1e5,Nina Moura,Brasil,2023-02-08 00:49:51,Nina Moura,São Paulo,Sudeste
SP,cus_7262f4e5ce9f,Sophia Monteiro,Brasil,2024-04-26 04:49:51,Sophia Monteiro,São Paulo,Sudeste
SP,cus_a01814ad9247,Ana Beatriz Alves,Brasil,2023-02-06 06:49:51,Ana Beatriz Alves,São Paulo,Sudeste
MS,cus_911b23c97589,Heitor Nunes,Brasil,2023-04-28 03:49:51,Heitor Nunes,Mato Grosso do Sul,Centro-Oeste
MS,cus_71308b76151a,Amanda Sousa,Brasil,2023-10-03 13:49:51,Srta. Amanda Sousa,Mato Grosso do Sul,Centro-Oeste
DF,cus_f64907d41a69,Henrique Da Conceição,Brasil,2024-12-09 11:49:51,Henrique da Conceição,Distrito Federal,Centro-Oeste
PE,cus_b42a15933072,Heitor Rezende,Brasil,2025-07-04 17:49:51,Dr. Heitor Rezende,Pernambuco,Nordeste
AC,cus_25d1cb23f872,Melissa Pastor,Brasil,2025-05-20 01:49:51,Melissa Pastor,Acre,Norte
AC,cus_8ad3c8745efb,Eduardo Cunha,Brasil,2024-12-07 19:49:51,Eduardo Cunha,Acre,Norte
AC,cus_66677d443e5e,Cecília Da Luz,Brasil,2023-07-31 14:49:51,Cecília da Luz,Acre,Norte
MT,cus_0914bdf6e1fe,Isabelly Câmara,Brasil,2025-06-23 08:49:51,Isabelly Câmara,Mato Grosso,Centro-Oeste
MT,cus_b0026583b709,Mariane Pacheco,Brasil,2023-02-23 22:49:51,Dra. Mariane Pacheco,Mato Grosso,Centro-Oeste
MT,cus_508a15ccf0fa,Zoe Campos,Brasil,2023-06-08 10:49:51,Sra. Zoe Campos,Mato Grosso,Centro-Oeste
PA,cus_96658dc10aa5,Agatha Silveira,Brasil,2025-03-15 16:49:51,Agatha Silveira,Pará,Norte
PA,cus_36595eecf105,Bruno Novaes,Brasil,2023-04-28 11:49:51,Bruno Novaes,Pará,Norte
PA,cus_884be6e0ce9a,Emanuel Vieira,Brasil,2025-06-21 01:49:51,Emanuel Vieira,Pará,Norte
PA,cus_c9cd13d1ae9f,Yasmin Siqueira,Brasil,2024-09-15 03:49:51,Srta. Yasmin Siqueira,Pará,Norte
GO,cus_9d2dd4770a79,Luigi Camargo,Brasil,2025-07-28 06:49:51,Luigi Camargo,Goiás,Centro-Oeste
GO,cus_f1eccf8e0d99,Luiz Miguel Câmara,Brasil,2023-01-22 23:49:51,Luiz Miguel Câmara,Goiás,Centro-Oeste
GO,cus_25c656241a9a,Amanda Novais,Brasil,2023-03-24 11:49:51,Amanda Novais,Goiás,Centro-Oeste
PR,cus_644bf6820c61,Heloísa Andrade,Brasil,2024-01-27 13:49:51,Heloísa Andrade,Paraná,Sul
RR,cus_c3944101594c,Murilo Da Mata,Brasil,2023-04-20 19:49:51,Murilo da Mata,Roraima,Norte
ES,cus_a8f8e01eaee8,Elisa Martins,Brasil,2023-08-17 16:49:51,Elisa Martins,Espírito Santo,Sudeste
PB,cus_d4db3db9eccb,Ana Julia Camargo,Brasil,2024-08-07 23:49:51,Ana Julia Camargo,Paraíba,Nordeste
ES,cus_1a38731e1fbe,Otávio Fernandes,Brasil,2025-03-19 22:49:51,Otávio Fernandes,Espírito Santo,Sudeste
RS,cus_ec8d75866856,Luan Vargas,Brasil,2025-10-17 07:49:51,Sr. Luan Vargas,Rio Grande do Sul,Sul
RS,cus_8fa04d3a5837,Rafael Porto,Brasil,2023-11-14 00:49:51,Rafael Porto,Rio Grande do Sul,Sul
RS,cus_0343c0763f76,Vitor Gabriel Da Luz,Brasil,2023-05-22 15:49:51,Vitor Gabriel da Luz,Rio Grande do Sul,Sul
AL,cus_fa3a88d1ccef,Benício Gomes,Brasil,2023-01-01 00:49:51,Dr. Benício Gomes,Alagoas,Nordeste
AL,cus_a9747473c5c6,Ana Lívia Aparecida,Brasil,2023-10-23 01:49:51,Ana Lívia Aparecida,Alagoas,Nordeste
MA,cus_d36c11b261a6,Cauã Rocha,Brasil,2024-02-10 13:49:51,Cauã Rocha,Maranhão,Nordeste
MA,cus_cf84750c1fb4,Alana Teixeira,Brasil,2022-12-31 16:49:51,Alana Teixeira,Maranhão,Nordeste
CE,cus_0ff4cceccc6f,João Aparecida,Brasil,2023-06-17 22:49:51,João Aparecida,Ceará,Nordeste
CE,cus_a2e18141f826,Ísis Leão,Brasil,2025-01-30 15:49:51,Ísis Leão,Ceará,Nordeste
CE,cus_79d52b75f259,Elisa Freitas,Brasil,2023-01-22 14:49:51,Elisa Freitas,Ceará,Nordeste
AP,cus_639110db69ed,João Vitor Barros,Brasil,2025-01-16 11:49:51,Sr. João Vitor Barros,Amapá,Norte
MG,cus_f50da5532735,João Gabriel Porto,Brasil,2024-08-18 05:49:51,João Gabriel Porto,Minas Gerais,Sudeste
MG,cus_2b1b3e2a1515,Ana Sophia Pereira,Brasil,2025-02-15 04:49:51,Ana Sophia Pereira,Minas Gerais,Sudeste
SE,cus_df9e0b31fa20,Yuri Albuquerque,Brasil,2023-04-26 16:49:51,Yuri Albuquerque,Sergipe,Nordeste
SE,cus_d2762f5968fe,Aurora Pastor,Brasil,2022-12-31 15:49:51,Dra. Aurora Pastor,Sergipe,Nordeste
SE,cus_78ab1cf16e12,Beatriz Garcia,Brasil,2024-07-19 16:49:51,Beatriz Garcia,Sergipe,Nordeste
TO,cus_6ff11137142d,Vitor Gabriel Sá,Brasil,2023-11-10 09:49:51,Sr. Vitor Gabriel Sá,Tocantins,Norte
TO,cus_4209c24e0be2,Maya Castro,Brasil,2025-05-14 23:49:51,Maya Castro,Tocantins,Norte
TO,cus_418af67b6b28,Miguel Ramos,Brasil,2025-02-10 00:49:51,Miguel Ramos,Tocantins,Norte
TO,cus_eae005fd3470,Calebe Fogaça,Brasil,2023-11-27 20:49:51,Calebe Fogaça,Tocantins,Norte
RJ,cus_4e62d52db97a,Josué Souza,Brasil,2024-04-06 14:49:51,Josué Souza,Rio de Janeiro,Sudeste
