data,dia_semana,dia_semana_num,hora,canal_venda,total_vendas,itens_vendidos,receita,clientes_unicos
2025-12-22,Segunda,2,10,ecommerce,4,4,1250.91,4
2025-12-19,Sexta,6,19,loja_fisica,3,5,2575.83,3
2026-01-09,Sexta,6,14,loja_fisica,1,1,451.90,1
2025-12-17,Quarta,4,23,loja_fisica,2,2,109.40,2
2025-12-22,Segunda,2,8,loja_fisica,2,3,286.80,2
2025-12-31,Quarta,4,19,loja_fisica,2,2,607.95,2
2026-01-11,Domingo,1,19,loja_fisica,1,2,157.80,1
2025-12-26,Sexta,6,10,ecommerce,3,4,844.78,3
2025-12-29,Segunda,2,23,loja_fisica,2,3,354.88,2
2025-12-15,Segunda,2,8,ecommerce,7,10,2356.90,7
2025-12-30,Terça,3,13,ecommerce,4,6,443.08,4
2025-12-14,Domingo,1,16,ecommerce,6,10,1314.90,5
2025-12-23,Terça,3,17,ecommerce,12,16,4149.32,10
2025-12-27,Sábado,7,20,ecommerce,4,4,1599.75,4
2025-12-28,Domingo,1,17,loja_fisica,2,2,132.74,2
2025-12-29,Segunda,2,21,ecommerce,3,7,548.39,3
2026-01-08,Quinta,5,16,loja_fisica,3,3,295.80,3
2025-12-15,Segunda,2,19,loja_fisica,2,2,216.90,2
2025-12-31,Quarta,4,11,ecommerce,3,3,110.24,3
2025-12-17,Quarta,4,16,ecommerce,5,7,5441.39,5
2026-01-03,Sábado,7,20,loja_fisica,4,4,912.29,4
2025-12-15,Segunda,2,20,ecommerce,4,7,6309.13,4
2026-01-07,Quarta,4,14,ecommerce,5,9,2039.06,4
2026-01-02,Sexta,6,13,ecommerce,5,5,346.04,5
2025-12-22,Segunda,2,22,loja_fisica,2,2,211.70,2
2026-01-11,Domingo,1,21,ecommerce,5,6,684.20,5
2025-12-24,Quarta,4,23,loja_fisica,1,1,226.00,1
2025-12-20,Sábado,7,14,ecommerce,5,6,2493.85,5
2025-12-26,Sexta,6,9,ecommerce,5,7,803.65,3
2025-12-25,Quinta,5,13,loja_fisica,1,2,153.88,1
2026-01-04,Domingo,1,21,ecommerce,3,7,683.89,2
2026-01-10,Sábado,7,17,loja_fisica,2,3,352.70,2
2025-12-17,Quarta,4,8,loja_fisica,5,6,772.59,3
2025-12-26,Sexta,6,18,ecommerce,2,2,1188.89,2
2026-01-01,Quinta,5,23,ecommerce,3,4,285.60,3
2026-01-09,Sexta,6,12,ecommerce,2,3,470.72,2
2025-12-28,Domingo,1,8,loja_fisica,2,2,459.67,2
2026-01-06,Terça,3,14,loja_fisica,3,4,728.78,3
2025-12-21,Domingo,1,10,loja_fisica,2,3,857.70,2
2025-12-29,Segunda,2,14,loja_fisica,1,2,591.80,1
2025-12-27,Sábado,7,21,ecommerce,4,5,2204.08,4
2025-12-22,Segunda,2,15,loja_fisica,2,5,1495.30,2
2025-12-26,Sexta,6,19,loja_fisica,1,1,89.50,1
2025-12-17,Quarta,4,23,ecommerce,2,5,1042.35,2
2025-12-20,Sábado,7,22,loja_fisica,3,5,297.16,2
2025-12-23,Terça,3,15,loja_fisica,2,3,189.79,2
2025-12-16,Terça,3,21,loja_fisica,1,2,107.58,1
2026-01-07,Quarta,4,17,loja_fisica,5,8,1406.47,5
2026-01-09,Sexta,6,13,ecommerce,3,4,324.86,3
2025-12-26,Sexta,6,21,ecommerce,7,9,2724.12,7
2025-12-24,Quarta,4,14,loja_fisica,3,8,1109.67,3
2025-12-18,Quinta,5,8,ecommerce,4,5,460.89,4
2025-12-14,Domingo,1,17,ecommerce,4,6,1250.70,4
2026-01-02,Sexta,6,12,ecommerce,3,3,555.40,3
2025-12-20,Sábado,7,12,ecommerce,3,3,508.05,3
2026-01-08,Quinta,5,13,ecommerce,4,5,2015.56,4
2025-12-19,Sexta,6,21,loja_fisica,1,1,1310.50,1
2025-12-27,Sábado,7,15,loja_fisica,1,2,219.80,1
2025-12-22,Segunda,2,20,loja_fisica,1,3,203.70,1
2026-01-03,Sábado,7,19,loja_fisica,2,2,272.99,2
2025-12-29,Segunda,2,15,ecommerce,7,10,1011.36,6
2025-12-14,Domingo,1,13,ecommerce,3,3,352.05,3
2026-01-01,Quinta,5,15,ecommerce,5,7,3843.17,5
2025-12-28,Domingo,1,17,ecommerce,5,6,1662.17,5
2026-01-03,Sábado,7,12,ecommerce,3,6,444.82,3
2025-12-24,Quarta,4,20,ecommerce,4,4,1646.21,4
2026-01-10,Sábado,7,23,loja_fisica,1,1,451.90,1
2026-01-06,Terça,3,15,ecommerce,5,10,2140.05,5
2025-12-27,Sábado,7,15,ecommerce,9,10,4411.23,9
2025-12-16,Terça,3,23,ecommerce,1,1,404.50,1
2026-01-06,Terça,3,12,loja_fisica,2,3,374.88,2
2025-12-24,Quarta,4,17,ecommerce,1,2,263.78,1
2025-12-19,Sexta,6,17,loja_fisica,4,12,761.31,4
2025-12-27,Sábado,7,16,loja_fisica,4,5,803.01,3
2025-12-16,Terça,3,9,ecommerce,7,8,1798.28,7
2025-12-18,Quinta,5,18,loja_fisica,1,1,88.99,1
2026-01-01,Quinta,5,10,ecommerce,6,7,1836.61,5
2025-12-20,Sábado,7,11,ecommerce,4,6,2019.69,4
2026-01-03,Sábado,7,18,loja_fisica,1,1,49.39,1
2025-12-14,Domingo,1,18,loja_fisica,3,4,544.89,3
2025-12-14,Domingo,1,17,loja_fisica,4,6,2414.93,4
2025-12-14,Domingo,1,18,ecommerce,3,3,572.59,3
2026-01-05,Segunda,2,21,ecommerce,4,6,864.70,4
2026-01-07,Quarta,4,13,ecommerce,3,4,802.28,3
2025-12-27,Sábado,7,14,ecommerce,3,6,724.04,3
2025-12-24,Quarta,4,8,ecommerce,5,8,673.89,5
2026-01-04,Domingo,1,12,loja_fisica,3,4,683.66,3
2025-12-31,Quarta,4,16,loja_fisica,1,1,88.90,1
2025-12-20,Sábado,7,10,ecommerce,2,3,368.80,2
2026-01-04,Domingo,1,8,loja_fisica,3,3,1718.08,3
2026-01-02,Sexta,6,16,ecommerce,4,5,555.40,4
2025-12-15,Segunda,2,23,ecommerce,2,2,76.86,2
2025-12-28,Domingo,1,12,ecommerce,4,6,2035.65,4
2026-01-06,Terça,3,11,loja_fisica,1,1,68.90,1
2025-12-18,Quinta,5,22,loja_fisica,1,1,41.40,1
2026-01-10,Sábado,7,12,ecommerce,2,2,340.28,2
2026-01-05,Segunda,2,11,loja_fisica,2,4,334.60,2
2025-12-19,Sexta,6,22,ecommerce,6,8,1826.57,6
2025-12-31,Quarta,4,17,loja_fisica,4,8,1651.64,4
2026-01-08,Quinta,5,17,ecommerce,2,5,743.11,2
2026-01-10,Sábado,7,18,loja_fisica,2,3,570.88,2
2025-12-24,Quarta,4,17,loja_fisica,2,2,312.80,2
2025-12-13,Sábado,7,13,ecommerce,5,6,752.77,5
2025-12-24,Quarta,4,10,loja_fisica,1,1,85.02,1
2025-12-25,Quinta,5,20,ecommerce,7,14,3353.06,7
2026-01-07,Quarta,4,15,loja_fisica,2,2,240.67,2
2025-12-17,Quarta,4,20,loja_fisica,1,1,324.99,1
2026-01-05,Segunda,2,13,loja_fisica,1,1,100.50,1
2025-12-22,Segunda,2,23,loja_fisica,2,6,2186.43,2
2025-12-15,Segunda,2,21,ecommerce,2,2,148.32,2
2025-12-28,Domingo,1,15,ecommerce,7,8,995.51,7
2026-01-01,Quinta,5,8,ecommerce,3,3,396.65,3
2026-01-02,Sexta,6,23,ecommerce,2,2,187.00,2
2025-12-14,Domingo,1,23,ecommerce,2,5,273.86,2
2025-12-14,Domingo,1,22,ecommerce,5,8,1177.36,5
2025-12-18,Quinta,5,15,loja_fisica,1,1,264.26,1
2025-12-16,Terça,3,8,ecommerce,2,3,1500.21,2
2025-12-20,Sábado,7,16,loja_fisica,1,1,95.50,1
2025-12-30,Terça,3,12,ecommerce,4,8,880.10,3
2025-12-28,Domingo,1,9,loja_fisica,3,3,1138.88,3
2026-01-10,Sábado,7,21,ecommerce,2,2,533.40,2
2025-12-18,Quinta,5,23,ecommerce,3,10,2197.74,3
2026-01-02,Sexta,6,9,ecommerce,11,18,5068.90,11
2025-12-14,Domingo,1,8,ecommerce,7,16,1176.27,7
2026-01-08,Quinta,5,9,loja_fisica,2,2,1042.99,2
2026-01-04,Domingo,1,17,ecommerce,5,5,1126.90,5
2026-01-03,Sábado,7,16,loja_fisica,2,3,1094.88,2
2025-12-19,Sexta,6,20,loja_fisica,1,1,211.90,1
2026-01-07,Quarta,4,16,ecommerce,6,7,827.94,6
2025-12-30,Terça,3,16,loja_fisica,2,6,701.58,2
2026-01-01,Quinta,5,20,loja_fisica,1,1,93.39,1
2026-01-01,Quinta,5,18,ecommerce,9,14,7375.00,9
2025-12-25,Quinta,5,8,loja_fisica,1,3,98.70,1
2025-12-13,Sábado,7,22,ecommerce,1,1,190.71,1
2026-01-11,Domingo,1,17,ecommerce,2,3,478.57,2
2025-12-23,Terça,3,8,loja_fisica,1,2,79.78,1
2026-01-01,Quinta,5,14,ecommerce,4,4,844.00,3
2025-12-27,Sábado,7,13,loja_fisica,1,1,65.45,1
2025-12-31,Quarta,4,10,ecommerce,5,6,2993.12,5
2026-01-11,Domingo,1,17,loja_fisica,6,7,745.62,5
2025-12-17,Quarta,4,14,ecommerce,4,5,676.11,4
2026-01-09,Sexta,6,0,loja_fisica,2,2,575.80,2
2025-12-18,Quinta,5,9,ecommerce,4,4,459.83,4
2025-12-16,Terça,3,12,loja_fisica,1,1,1139.99,1
2025-12-21,Domingo,1,0,ecommerce,1,1,211.09,1
2026-01-02,Sexta,6,23,loja_fisica,3,3,289.40,3
2025-12-21,Domingo,1,12,ecommerce,2,2,1184.89,2
2026-01-03,Sábado,7,11,ecommerce,4,5,1699.46,4
2025-12-21,Domingo,1,8,ecommerce,5,7,988.40,5
2025-12-18,Quinta,5,19,loja_fisica,1,3,266.70,1
2025-12-23,Terça,3,9,loja_fisica,1,1,191.90,1
2026-01-01,Quinta,5,21,loja_fisica,3,3,369.80,3
2026-01-01,Quinta,5,21,ecommerce,5,7,1704.28,5
2025-12-21,Domingo,1,11,ecommerce,9,13,1903.97,9
2026-01-05,Segunda,2,17,ecommerce,6,11,1475.96,6
2026-01-01,Quinta,5,12,loja_fisica,2,2,336.99,2
2026-01-09,Sexta,6,16,loja_fisica,1,1,462.55,1
2025-12-21,Domingo,1,8,loja_fisica,1,1,34.99,1
2026-01-06,Terça,3,8,loja_fisica,3,4,997.26,3
2025-12-27,Sábado,7,11,ecommerce,9,14,1541.59,7
2026-01-09,Sexta,6,11,loja_fisica,2,2,326.80,2
2026-01-11,Domingo,1,13,loja_fisica,5,6,768.47,5
2025-12-27,Sábado,7,10,ecommerce,3,3,189.79,3
2025-12-14,Domingo,1,10,loja_fisica,2,3,316.69,2
2026-01-02,Sexta,6,18,loja_fisica,1,1,160.65,1
2025-12-25,Quinta,5,10,ecommerce,4,5,692.73,4
2026-01-04,Domingo,1,10,ecommerce,5,8,2034.67,5
2025-12-28,Domingo,1,22,ecommerce,5,8,3677.03,5
2025-12-30,Terça,3,21,loja_fisica,1,1,135.84,1
2026-01-05,Segunda,2,11,ecommerce,4,8,1443.73,4
2025-12-21,Domingo,1,21,ecommerce,2,5,1165.50,2
2025-12-25,Quinta,5,16,ecommerce,6,9,5041.74,5
2026-01-06,Terça,3,10,loja_fisica,4,4,662.63,4
2026-01-01,Quinta,5,11,ecommerce,6,8,4730.70,6
2025-12-31,Quarta,4,21,ecommerce,3,4,657.77,3
2025-12-16,Terça,3,16,ecommerce,5,9,673.09,5
2025-12-15,Segunda,2,8,loja_fisica,1,1,32.31,1
2025-12-25,Quinta,5,12,ecommerce,3,4,2755.19,3
2026-01-03,Sábado,7,9,ecommerce,1,1,80.99,1
2025-12-14,Domingo,1,0,loja_fisica,1,1,55.99,1
2026-01-04,Domingo,1,0,loja_fisica,1,1,66.90,1
2025-12-20,Sábado,7,8,ecommerce,6,8,2830.19,6
2025-12-25,Quinta,5,18,ecommerce,4,6,1002.92,3
2025-12-23,Terça,3,17,loja_fisica,1,3,635.70,1
2026-01-08,Quinta,5,1,ecommerce,1,1,173.61,1
2025-12-15,Segunda,2,18,loja_fisica,5,10,798.26,5
2025-12-22,Segunda,2,16,ecommerce,6,8,1202.18,6
2026-01-08,Quinta,5,0,ecommerce,1,1,113.91,1
2026-01-01,Quinta,5,16,loja_fisica,2,2,618.00,2
2025-12-31,Quarta,4,12,ecommerce,4,5,333.88,4
2026-01-05,Segunda,2,13,ecommerce,4,5,737.99,3
2025-12-28,Domingo,1,18,loja_fisica,4,6,426.09,4
2026-01-09,Sexta,6,20,loja_fisica,1,1,1149.90,1
2025-12-28,Domingo,1,16,ecommerce,3,3,306.48,3
2026-01-06,Terça,3,19,loja_fisica,1,1,32.90,1
2026-01-09,Sexta,6,1,ecommerce,1,2,133.80,1
2025-12-22,Segunda,2,18,ecommerce,4,5,1288.42,4
2026-01-03,Sábado,7,16,ecommerce,10,10,2214.55,10
2025-12-14,Domingo,1,22,loja_fisica,4,6,2506.05,4
2025-12-13,Sábado,7,11,loja_fisica,2,3,694.59,2
2026-01-08,Quinta,5,19,ecommerce,3,3,203.48,3
2025-12-23,Terça,3,16,ecommerce,2,2,1175.89,2
2026-01-06,Terça,3,10,ecommerce,3,3,504.89,3
2025-12-25,Quinta,5,11,ecommerce,3,3,1226.83,2
2026-01-02,Sexta,6,9,loja_fisica,1,1,226.00,1
2026-01-10,Sábado,7,20,ecommerce,5,8,378.95,5
2026-01-06,Terça,3,17,loja_fisica,2,4,379.69,2
2026-01-09,Sexta,6,22,ecommerce,3,4,1114.41,2
2025-12-23,Terça,3,19,ecommerce,6,8,1415.41,6
2025-12-15,Segunda,2,10,loja_fisica,1,2,418.00,1
2025-12-25,Quinta,5,23,ecommerce,2,2,436.47,2
2026-01-08,Quinta,5,21,loja_fisica,3,7,2515.70,3
2025-12-26,Sexta,6,20,ecommerce,4,5,589.05,4
2026-01-07,Quarta,4,19,ecommerce,6,12,2567.66,6
2025-12-25,Quinta,5,9,ecommerce,5,8,4338.09,5
2025-12-14,Domingo,1,9,ecommerce,3,3,823.17,3
2025-12-28,Domingo,1,8,ecommerce,6,6,2690.76,5
2025-12-25,Quinta,5,13,ecommerce,6,8,2106.83,5
2025-12-20,Sábado,7,19,ecommerce,2,2,167.89,2
2025-12-14,Domingo,1,8,loja_fisica,1,1,68.90,1
2025-12-26,Sexta,6,22,ecommerce,9,12,1870.00,9
2025-12-29,Segunda,2,20,loja_fisica,1,2,647.80,1
2026-01-11,Domingo,1,14,ecommerce,3,3,840.99,3
2025-12-25,Quinta,5,22,ecommerce,5,7,728.39,4
2026-01-06,Terça,3,19,ecommerce,6,9,2858.61,6
2025-12-31,Quarta,4,22,loja_fisica,1,1,48.90,1
2026-01-06,Terça,3,16,loja_fisica,2,2,1350.40,2
2025-12-15,Segunda,2,10,ecommerce,4,5,1790.70,4
2025-12-31,Quarta,4,14,ecommerce,5,6,1037.24,5
2026-01-02,Sexta,6,11,loja_fisica,1,1,100.90,1
2025-12-30,Terça,3,17,ecommerce,5,7,1277.85,4
2025-12-28,Domingo,1,15,loja_fisica,1,1,34.99,1
2025-12-30,Terça,3,12,loja_fisica,3,6,722.42,3
2026-01-04,Domingo,1,22,ecommerce,3,3,1711.40,3
2025-12-14,Domingo,1,23,loja_fisica,1,2,517.80,1
2025-12-22,Segunda,2,15,ecommerce,6,10,3354.18,6
2026-01-03,Sábado,7,21,loja_fisica,2,5,1353.45,2
2026-01-10,Sábado,7,19,ecommerce,2,2,245.85,2
2025-12-19,Sexta,6,9,loja_fisica,2,2,286.90,2
2025-12-31,Quarta,4,8,loja_fisica,5,6,912.07,5
2025-12-13,Sábado,7,23,ecommerce,2,4,437.99,2
2026-01-09,Sexta,6,8,ecommerce,7,16,2232.86,6
2025-12-17,Quarta,4,15,ecommerce,5,7,561.64,3
2025-12-23,Terça,3,9,ecommerce,1,1,66.90,1
2025-12-21,Domingo,1,19,loja_fisica,2,3,1394.30,2
2025-12-16,Terça,3,13,loja_fisica,1,1,140.90,1
2025-12-17,Quarta,4,21,ecommerce,4,4,1751.26,3
2026-01-07,Quarta,4,12,ecommerce,4,6,1192.81,4
2026-01-04,Domingo,1,1,ecommerce,3,3,628.90,3
2026-01-08,Quinta,5,12,ecommerce,6,6,608.68,6
2026-01-04,Domingo,1,10,loja_fisica,1,1,101.92,1
2025-12-20,Sábado,7,0,ecommerce,2,2,367.76,2
2025-12-21,Domingo,1,22,ecommerce,9,10,2637.42,9
2026-01-04,Domingo,1,13,ecommerce,2,3,430.99,2
2026-01-01,Quinta,5,13,ecommerce,1,2,161.10,1
2025-12-19,Sexta,6,14,ecommerce,3,5,3726.68,3
2025-12-16,Terça,3,11,ecommerce,4,4,1632.46,4
2025-12-25,Quinta,5,21,ecommerce,5,6,1254.81,5
2025-12-22,Segunda,2,11,loja_fisica,3,5,2605.41,3
2025-12-26,Sexta,6,19,ecommerce,2,2,378.54,2
2026-01-05,Segunda,2,20,ecommerce,1,1,44.90,1
2026-01-06,Terça,3,12,ecommerce,3,5,1419.11,3
2025-12-13,Sábado,7,11,ecommerce,4,7,1239.92,4
2025-12-24,Quarta,4,11,loja_fisica,3,3,1794.79,3
2026-01-09,Sexta,6,17,ecommerce,2,2,324.84,2
2025-12-29,Segunda,2,19,ecommerce,5,9,1589.37,5
2025-12-30,Terça,3,14,ecommerce,3,6,616.19,3
2025-12-16,Terça,3,8,loja_fisica,4,6,504.10,4
2025-12-19,Sexta,6,9,ecommerce,1,1,97.11,1
2026-01-09,Sexta,6,10,loja_fisica,3,7,1473.09,3
2026-01-02,Sexta,6,15,loja_fisica,2,2,598.39,2
2025-12-21,Domingo,1,9,ecommerce,5,9,2014.27,5
2026-01-10,Sábado,7,18,ecommerce,6,7,1707.63,6
2026-01-01,Quinta,5,19,ecommerce,3,4,2447.00,3
2025-12-24,Quarta,4,22,loja_fisica,1,1,46.45,1
2026-01-03,Sábado,7,23,ecommerce,1,1,119.90,1
2025-12-16,Terça,3,19,ecommerce,6,6,2577.34,6
2025-12-19,Sexta,6,15,ecommerce,4,5,834.79,4
2025-12-26,Sexta,6,13,ecommerce,2,3,2330.19,2
2025-12-15,Segunda,2,11,loja_fisica,2,2,1220.98,2
2025-12-31,Quarta,4,18,loja_fisica,3,3,637.89,3
2025-12-14,Domingo,1,15,ecommerce,2,5,4644.64,1
2026-01-05,Segunda,2,15,loja_fisica,1,1,37.71,1
2026-01-06,Terça,3,0,ecommerce,1,1,48.99,1
2025-12-17,Quarta,4,19,loja_fisica,2,3,2493.80,1
2026-01-04,Domingo,1,18,loja_fisica,2,2,453.40,2
2026-01-05,Segunda,2,12,ecommerce,5,5,837.47,4
2026-01-10,Sábado,7,16,loja_fisica,4,5,751.43,4
2025-12-27,Sábado,7,18,ecommerce,2,4,217.65,2
2025-12-13,Sábado,7,15,loja_fisica,1,1,68.90,1
2025-12-26,Sexta,6,23,loja_fisica,2,2,122.00,2
2026-01-04,Domingo,1,20,loja_fisica,2,2,238.08,2
2026-01-04,Domingo,1,8,ecommerce,8,11,1898.20,8
2025-12-19,Sexta,6,18,ecommerce,5,7,898.63,5
2026-01-04,Domingo,1,9,ecommerce,2,2,285.80,2
2025-12-22,Segunda,2,20,ecommerce,6,10,4091.90,6
2025-12-15,Segunda,2,14,ecommerce,3,6,1059.56,3
2026-01-10,Sábado,7,10,ecommerce,7,9,1324.06,7
2025-12-22,Segunda,2,22,ecommerce,8,15,2820.73,7
2026-01-05,Segunda,2,10,ecommerce,9,11,4815.37,7
2025-12-26,Sexta,6,14,ecommerce,5,6,785.02,5
2026-01-10,Sábado,7,9,loja_fisica,2,5,532.28,2
2026-01-09,Sexta,6,19,loja_fisica,1,2,196.90,1
2025-12-27,Sábado,7,16,ecommerce,6,7,1605.89,6
2025-12-21,Domingo,1,11,loja_fisica,2,3,191.71,2
2026-01-05,Segunda,2,21,loja_fisica,2,3,604.70,2
2026-01-11,Domingo,1,23,loja_fisica,1,3,134.88,1
2025-12-13,Sábado,7,21,loja_fisica,2,2,146.65,2
2025-12-30,Terça,3,21,ecommerce,4,6,1581.50,4
2025-12-31,Quarta,4,21,loja_fisica,5,10,2235.74,4
2025-12-27,Sábado,7,18,loja_fisica,3,3,762.79,3
2025-12-18,Quinta,5,14,loja_fisica,4,6,1463.56,4
2026-01-02,Sexta,6,13,loja_fisica,3,3,381.72,3
2026-01-05,Segunda,2,19,ecommerce,4,5,1256.75,4
2026-01-07,Quarta,4,10,ecommerce,2,2,919.45,2
2025-12-26,Sexta,6,15,ecommerce,4,4,578.89,4
2026-01-07,Quarta,4,14,loja_fisica,1,2,876.42,1
2025-12-18,Quinta,5,11,loja_fisica,2,5,622.59,2
2025-12-31,Quarta,4,19,ecommerce,1,1,365.74,1
2026-01-08,Quinta,5,10,ecommerce,5,5,654.15,5
2025-12-24,Quarta,4,22,ecommerce,2,2,124.43,2
2025-12-15,Segunda,2,16,loja_fisica,2,3,560.32,2
2026-01-10,Sábado,7,20,loja_fisica,1,1,38.16,1
2025-12-18,Quinta,5,10,loja_fisica,1,1,95.86,1
2025-12-14,Domingo,1,20,ecommerce,5,11,3134.31,5
2025-12-30,Terça,3,1,ecommerce,1,2,495.80,1
2026-01-08,Quinta,5,21,ecommerce,9,12,2941.84,9
2025-12-16,Terça,3,10,loja_fisica,2,3,2339.60,2
2025-12-25,Quinta,5,19,ecommerce,2,3,179.70,2
2025-12-23,Terça,3,21,ecommerce,7,8,1764.90,7
2025-12-14,Domingo,1,21,loja_fisica,1,1,104.41,1
2026-01-03,Sábado,7,22,ecommerce,2,3,1295.48,2
2025-12-30,Terça,3,10,loja_fisica,3,3,1172.38,3
2025-12-31,Quarta,4,13,loja_fisica,1,1,27.96,1
2026-01-11,Domingo,1,16,loja_fisica,4,5,304.62,4
2026-01-10,Sábado,7,9,ecommerce,4,4,1409.40,3
2026-01-02,Sexta,6,11,ecommerce,5,6,1378.59,5
2025-12-22,Segunda,2,16,loja_fisica,2,3,224.97,2
2025-12-26,Sexta,6,14,loja_fisica,3,5,1627.02,3
2025-12-14,Domingo,1,10,ecommerce,3,4,1022.41,3
2026-01-08,Quinta,5,8,ecommerce,5,6,1401.36,5
2026-01-01,Quinta,5,9,loja_fisica,3,6,1084.00,3
2025-12-24,Quarta,4,12,ecommerce,4,5,1376.46,4
2026-01-03,Sábado,7,22,loja_fisica,2,2,443.89,2
2025-12-13,Sábado,7,12,loja_fisica,4,5,955.92,4
2026-01-08,Quinta,5,22,ecommerce,5,5,1149.21,5
2026-01-03,Sábado,7,10,loja_fisica,2,3,1651.48,2
2026-01-07,Quarta,4,9,loja_fisica,1,2,191.72,1
2025-12-28,Domingo,1,14,ecommerce,6,8,4170.27,6
2025-12-24,Quarta,4,13,ecommerce,7,11,1999.98,5
2026-01-05,Segunda,2,15,ecommerce,8,10,2687.95,7
2025-12-31,Quarta,4,22,ecommerce,5,8,1364.20,5
2025-12-31,Quarta,4,20,loja_fisica,1,1,324.99,1
2026-01-03,Sábado,7,17,loja_fisica,1,1,113.91,1
2025-12-31,Quarta,4,1,loja_fisica,1,1,493.52,1
2025-12-25,Quinta,5,14,loja_fisica,3,3,289.70,3
2025-12-24,Quarta,4,9,loja_fisica,1,1,37.71,1
2025-12-28,Domingo,1,20,ecommerce,7,10,638.07,7
2025-12-26,Sexta,6,18,loja_fisica,3,3,2670.62,3
2026-01-11,Domingo,1,12,loja_fisica,2,3,336.60,2
2026-01-01,Quinta,5,12,ecommerce,4,9,1394.47,4
2025-12-22,Segunda,2,9,ecommerce,4,4,2488.60,4
2026-01-02,Sexta,6,22,loja_fisica,2,4,405.02,1
2025-12-23,Terça,3,23,loja_fisica,1,1,299.90,1
2025-12-18,Quinta,5,8,loja_fisica,1,2,171.90,1
2025-12-14,Domingo,1,19,ecommerce,7,10,3380.62,6
2025-12-17,Quarta,4,8,ecommerce,6,6,2751.78,5
2025-12-20,Sábado,7,20,ecommerce,4,8,1531.46,4
2026-01-09,Sexta,6,15,loja_fisica,4,8,1819.25,3
2026-01-07,Quarta,4,19,loja_fisica,3,4,697.87,3
2025-12-29,Segunda,2,20,ecommerce,3,3,423.78,3
2026-01-02,Sexta,6,14,ecommerce,3,4,503.71,3
2026-01-04,Domingo,1,23,ecommerce,1,1,63.64,1
2025-12-27,Sábado,7,9,ecommerce,5,7,3039.49,5
2025-12-26,Sexta,6,8,ecommerce,4,5,2056.66,4
2025-12-15,Segunda,2,14,loja_fisica,4,8,1227.49,4
2026-01-01,Quinta,5,13,loja_fisica,2,5,736.35,2
2025-12-24,Quarta,4,23,ecommerce,2,2,357.03,2
2025-12-30,Terça,3,17,loja_fisica,2,3,205.33,2
2025-12-29,Segunda,2,23,ecommerce,2,2,565.80,2
2025-12-30,Terça,3,9,loja_fisica,1,1,104.41,1
2025-12-27,Sábado,7,14,loja_fisica,2,2,129.99,2
2026-01-06,Terça,3,18,loja_fisica,2,3,3087.88,2
2026-01-05,Segunda,2,16,loja_fisica,2,2,190.89,2
2026-01-04,Domingo,1,15,loja_fisica,1,1,308.74,1
2025-12-23,Terça,3,1,loja_fisica,1,1,50.34,1
2025-12-18,Quinta,5,9,loja_fisica,1,1,119.90,1
2025-12-28,Domingo,1,11,ecommerce,3,4,835.94,3
2025-12-18,Quinta,5,19,ecommerce,4,8,1543.10,4
2025-12-19,Sexta,6,22,loja_fisica,4,6,2127.30,4
2025-12-17,Quarta,4,10,ecommerce,3,3,129.70,3
2025-12-28,Domingo,1,21,loja_fisica,2,4,2817.28,2
2026-01-08,Quinta,5,20,loja_fisica,1,2,215.82,1
2025-12-20,Sábado,7,22,ecommerce,3,3,582.80,3
2025-12-13,Sábado,7,10,loja_fisica,1,1,92.90,1
2025-12-23,Terça,3,14,ecommerce,4,5,1252.50,4
2025-12-29,Segunda,2,12,ecommerce,1,1,32.90,1
2026-01-05,Segunda,2,9,ecommerce,3,5,1095.37,3
2025-12-18,Quinta,5,21,ecommerce,7,11,1201.34,7
2025-12-30,Terça,3,22,loja_fisica,5,8,572.61,5
2025-12-25,Quinta,5,18,loja_fisica,1,1,209.00,1
2025-12-17,Quarta,4,18,loja_fisica,3,4,567.70,3
2026-01-03,Sábado,7,15,ecommerce,4,6,1645.13,3
2025-12-16,Terça,3,9,loja_fisica,1,1,80.09,1
2026-01-09,Sexta,6,18,loja_fisica,1,1,365.74,1
2025-12-16,Terça,3,19,loja_fisica,2,2,416.29,2
2025-12-29,Segunda,2,21,loja_fisica,3,5,969.70,3
2026-01-06,Terça,3,22,ecommerce,4,11,5150.08,3
2025-12-15,Segunda,2,23,loja_fisica,1,1,58.85,1
2025-12-30,Terça,3,16,ecommerce,9,14,1904.41,9
2025-12-31,Quarta,4,15,ecommerce,2,3,644.58,2
2025-12-23,Terça,3,20,ecommerce,7,10,1806.73,6
2025-12-28,Domingo,1,16,loja_fisica,3,3,161.63,2
2025-12-21,Domingo,1,21,loja_fisica,1,1,58.90,1
2026-01-07,Quarta,4,8,ecommerce,5,7,848.21,5
2025-12-22,Segunda,2,23,ecommerce,1,2,2165.98,1
2025-12-26,Sexta,6,10,loja_fisica,2,4,592.95,2
2026-01-07,Quarta,4,21,ecommerce,7,8,4846.36,7
2026-01-02,Sexta,6,19,loja_fisica,3,3,228.61,3
2025-12-22,Segunda,2,19,ecommerce,1,2,2699.88,1
2025-12-29,Segunda,2,10,ecommerce,6,7,1641.27,6
2025-12-19,Sexta,6,11,ecommerce,6,8,1446.49,5
2025-12-16,Terça,3,18,loja_fisica,2,2,250.81,2
2025-12-21,Domingo,1,20,loja_fisica,2,3,811.88,2
2025-12-21,Domingo,1,20,ecommerce,4,8,980.08,4
2026-01-03,Sábado,7,23,loja_fisica,2,7,5101.53,2
2025-12-18,Quinta,5,10,ecommerce,8,14,1611.73,7
2025-12-22,Segunda,2,0,ecommerce,2,3,526.49,2
2025-12-30,Terça,3,8,ecommerce,3,4,439.69,3
2025-12-26,Sexta,6,15,loja_fisica,1,1,43.23,1
2026-01-03,Sábado,7,8,ecommerce,3,3,752.84,3
2025-12-16,Terça,3,22,loja_fisica,1,1,230.75,1
2026-01-01,Quinta,5,1,loja_fisica,1,1,48.90,1
2026-01-09,Sexta,6,13,loja_fisica,3,3,201.39,2
2026-01-07,Quarta,4,22,loja_fisica,1,2,517.80,1
2026-01-06,Terça,3,17,ecommerce,3,3,319.30,3
2025-12-29,Segunda,2,9,ecommerce,4,8,734.34,4
2025-12-23,Terça,3,8,ecommerce,4,4,651.15,4
2025-12-19,Sexta,6,10,ecommerce,2,2,805.55,2
2025-12-29,Segunda,2,19,loja_fisica,6,10,1881.16,5
2025-12-31,Quarta,4,12,loja_fisica,1,1,148.90,1
2025-12-21,Domingo,1,15,loja_fisica,3,3,1455.84,3
2025-12-18,Quinta,5,18,ecommerce,5,5,1207.80,4
2026-01-01,Quinta,5,17,loja_fisica,2,2,946.88,2
2025-12-21,Domingo,1,13,ecommerce,4,6,1407.48,4
2025-12-13,Sábado,7,21,ecommerce,1,1,44.90,1
2025-12-23,Terça,3,13,ecommerce,2,4,1050.69,2
2026-01-09,Sexta,6,21,ecommerce,2,2,273.83,2
2025-12-28,Domingo,1,12,loja_fisica,1,1,78.90,1
2025-12-31,Quarta,4,13,ecommerce,4,4,753.20,4
2026-01-06,Terça,3,9,ecommerce,2,2,405.64,2
2026-01-11,Domingo,1,23,ecommerce,2,2,278.46,2
2026-01-11,Domingo,1,22,loja_fisica,2,2,512.39,2
2025-12-28,Domingo,1,23,loja_fisica,1,3,3449.70,1
2025-12-31,Quarta,4,8,ecommerce,4,5,633.92,4
2025-12-23,Terça,3,12,ecommerce,2,3,724.57,2
2025-12-13,Sábado,7,16,ecommerce,8,12,995.79,8
2026-01-03,Sábado,7,18,ecommerce,3,4,1389.46,3
2025-12-18,Quinta,5,12,ecommerce,1,1,51.99,1
2025-12-24,Quarta,4,15,ecommerce,3,5,1246.70,3
2025-12-30,Terça,3,20,loja_fisica,1,1,465.50,1
2026-01-05,Segunda,2,14,ecommerce,1,1,111.90,1
2025-12-19,Sexta,6,13,loja_fisica,2,5,760.44,2
2025-12-25,Quinta,5,8,ecommerce,7,9,1238.62,7
2025-12-19,Sexta,6,10,loja_fisica,2,3,1327.70,2
2025-12-19,Sexta,6,20,ecommerce,7,9,947.27,7
2025-12-27,Sábado,7,10,loja_fisica,1,1,88.25,1
2025-12-19,Sexta,6,23,loja_fisica,2,3,323.48,2
2026-01-06,Terça,3,21,loja_fisica,2,2,532.99,2
2025-12-20,Sábado,7,23,ecommerce,2,3,2305.41,2
2025-12-22,Segunda,2,18,loja_fisica,4,5,870.55,4
2025-12-23,Terça,3,20,loja_fisica,2,3,1002.79,2
2026-01-11,Domingo,1,19,ecommerce,6,9,2941.68,6
2025-12-29,Segunda,2,1,ecommerce,2,2,310.60,2
2026-01-11,Domingo,1,10,ecommerce,4,4,306.87,4
2025-12-17,Quarta,4,17,loja_fisica,2,3,903.41,2
2026-01-10,Sábado,7,14,ecommerce,5,7,538.03,5
2026-01-09,Sexta,6,9,ecommerce,3,6,975.21,3
2025-12-19,Sexta,6,15,loja_fisica,2,4,965.19,2
2025-12-23,Terça,3,11,ecommerce,5,7,1341.95,4
2025-12-13,Sábado,7,18,loja_fisica,5,6,3237.06,5
2025-12-21,Domingo,1,22,loja_fisica,2,2,130.73,2
2025-12-21,Domingo,1,9,loja_fisica,2,4,342.55,2
2026-01-11,Domingo,1,9,loja_fisica,2,2,177.98,2
2025-12-22,Segunda,2,10,loja_fisica,3,3,180.35,3
2025-12-27,Sábado,7,8,ecommerce,4,5,981.53,4
2025-12-17,Quarta,4,12,ecommerce,1,2,2069.82,1
2025-12-21,Domingo,1,19,ecommerce,4,9,456.67,4
2025-12-31,Quarta,4,11,loja_fisica,2,3,120.33,2
2025-12-28,Domingo,1,14,loja_fisica,3,3,1687.44,3
2026-01-08,Quinta,5,0,loja_fisica,1,4,143.60,1
2025-12-15,Segunda,2,9,ecommerce,5,8,2817.65,5
2026-01-05,Segunda,2,18,ecommerce,6,8,858.86,6
2026-01-01,Quinta,5,15,loja_fisica,4,8,1117.38,4
2026-01-07,Quarta,4,15,ecommerce,6,8,1814.00,6
2025-12-13,Sábado,7,15,ecommerce,8,14,1325.27,8
2026-01-07,Quarta,4,22,ecommerce,4,5,995.38,4
2026-01-10,Sábado,7,14,loja_fisica,5,6,623.61,5
2025-12-26,Sexta,6,9,loja_fisica,4,5,315.89,4
2025-12-19,Sexta,6,8,ecommerce,4,5,3180.30,4
2026-01-05,Segunda,2,14,loja_fisica,1,1,47.49,1
2025-12-20,Sábado,7,9,ecommerce,13,22,5556.24,12
2026-01-04,Domingo,1,20,ecommerce,6,9,1658.81,6
2025-12-19,Sexta,6,13,ecommerce,3,4,479.98,3
2025-12-15,Segunda,2,22,loja_fisica,4,11,1427.26,4
2025-12-19,Sexta,6,21,ecommerce,3,4,577.20,3
2025-12-14,Domingo,1,9,loja_fisica,3,6,685.51,3
2025-12-21,Domingo,1,18,loja_fisica,2,4,724.60,2
2026-01-09,Sexta,6,19,ecommerce,6,8,3421.78,6
2025-12-28,Domingo,1,21,ecommerce,6,12,1684.45,6
2026-01-08,Quinta,5,23,loja_fisica,1,1,192.99,1
2026-01-10,Sábado,7,19,loja_fisica,4,9,1031.28,4
2025-12-18,Quinta,5,15,ecommerce,6,10,1772.61,5
2025-12-13,Sábado,7,0,ecommerce,3,4,495.29,3
2025-12-30,Terça,3,9,ecommerce,1,3,364.62,1
2026-01-03,Sábado,7,15,loja_fisica,4,5,1195.13,4
2025-12-29,Segunda,2,11,ecommerce,7,14,2807.17,5
2025-12-16,Terça,3,22,ecommerce,4,7,351.14,4
2025-12-18,Quinta,5,13,ecommerce,4,4,390.07,4
2026-01-08,Quinta,5,22,loja_fisica,2,2,230.96,2
2026-01-07,Quarta,4,18,loja_fisica,4,5,691.70,4
2025-12-16,Terça,3,18,ecommerce,3,3,1351.60,3
2025-12-29,Segunda,2,18,loja_fisica,4,5,1388.70,4
2025-12-20,Sábado,7,15,ecommerce,6,9,3730.93,5
2026-01-08,Quinta,5,15,ecommerce,5,6,1543.30,5
2025-12-29,Segunda,2,16,ecommerce,9,10,844.83,8
2025-12-29,Segunda,2,9,loja_fisica,2,2,555.72,2
2025-12-25,Quinta,5,15,ecommerce,4,6,553.86,3
2026-01-01,Quinta,5,19,loja_fisica,1,2,687.64,1
2025-12-17,Quarta,4,17,ecommerce,3,3,1317.58,3
2026-01-08,Quinta,5,11,loja_fisica,2,2,622.86,2
2026-01-11,Domingo,1,9,ecommerce,7,10,1152.20,7
2026-01-07,Quarta,4,16,loja_fisica,1,1,102.19,1
2025-12-17,Quarta,4,22,ecommerce,6,9,2611.99,6
2025-12-24,Quarta,4,19,ecommerce,10,11,3580.14,8
2026-01-11,Domingo,1,15,ecommerce,7,11,3049.27,7
2025-12-29,Segunda,2,16,loja_fisica,3,3,210.97,3
2026-01-09,Sexta,6,20,ecommerce,7,9,1140.21,7
2026-01-10,Sábado,7,13,ecommerce,4,5,1259.02,4
2025-12-20,Sábado,7,13,loja_fisica,2,4,433.84,2
2025-12-19,Sexta,6,19,ecommerce,5,5,643.09,5
2026-01-04,Domingo,1,11,ecommerce,6,9,2315.12,6
2025-12-15,Segunda,2,19,ecommerce,6,12,3258.20,6
2026-01-01,Quinta,5,10,loja_fisica,1,1,112.10,1
2025-12-29,Segunda,2,18,ecommerce,2,3,495.91,2
2026-01-05,Segunda,2,16,ecommerce,5,7,1332.50,5
2026-01-02,Sexta,6,22,ecommerce,2,5,431.50,2
2026-01-04,Domingo,1,19,ecommerce,6,9,1248.28,6
2026-01-07,Quarta,4,1,loja_fisica,1,3,578.97,1
2026-01-09,Sexta,6,1,loja_fisica,1,2,179.00,1
2025-12-23,Terça,3,21,loja_fisica,4,7,1874.03,4
2026-01-09,Sexta,6,15,ecommerce,5,6,1043.20,5
2025-12-16,Terça,3,17,loja_fisica,3,4,456.10,3
2026-01-03,Sábado,7,8,loja_fisica,2,2,161.98,2
2026-01-11,Domingo,1,13,ecommerce,2,2,282.60,2
2026-01-03,Sábado,7,20,ecommerce,4,5,1396.57,4
2025-12-13,Sábado,7,14,loja_fisica,2,2,227.03,2
2026-01-05,Segunda,2,20,loja_fisica,2,2,499.59,2
2026-01-08,Quinta,5,13,loja_fisica,2,2,135.35,2
2026-01-04,Domingo,1,16,loja_fisica,4,6,1759.59,4
2025-12-25,Quinta,5,11,loja_fisica,4,5,1262.19,4
2026-01-11,Domingo,1,18,loja_fisica,5,9,1782.47,5
2025-12-21,Domingo,1,16,loja_fisica,2,2,389.65,2
2026-01-05,Segunda,2,9,loja_fisica,2,3,514.97,2
2025-12-25,Quinta,5,15,loja_fisica,3,8,2405.30,3
2025-12-17,Quarta,4,14,loja_fisica,1,1,41.90,1
2025-12-14,Domingo,1,14,ecommerce,2,3,410.84,2
2025-12-26,Sexta,6,23,ecommerce,1,1,211.90,1
2026-01-07,Quarta,4,11,loja_fisica,3,3,1897.44,3
2026-01-04,Domingo,1,15,ecommerce,7,12,1471.98,7
2025-12-23,Terça,3,0,ecommerce,2,3,280.10,2
2025-12-24,Quarta,4,16,ecommerce,3,5,3503.86,3
2025-12-24,Quarta,4,12,loja_fisica,2,2,591.24,2
2025-12-26,Sexta,6,16,ecommerce,5,7,451.75,5
2025-12-23,Terça,3,22,loja_fisica,3,4,1385.58,3
2026-01-03,Sábado,7,10,ecommerce,4,6,2837.55,4
2026-01-07,Quarta,4,20,loja_fisica,2,3,2375.39,2
2026-01-10,Sábado,7,11,loja_fisica,2,2,518.41,2
2025-12-18,Quinta,5,22,ecommerce,6,10,2446.64,6
2025-12-18,Quinta,5,17,loja_fisica,1,1,34.99,1
2026-01-08,Quinta,5,9,ecommerce,4,8,3192.10,4
2025-12-30,Terça,3,11,loja_fisica,1,1,88.25,1
2025-12-28,Domingo,1,19,ecommerce,4,7,1194.43,3
2026-01-10,Sábado,7,8,ecommerce,3,3,373.50,3
2025-12-24,Quarta,4,11,ecommerce,6,9,3135.99,6
2025-12-25,Quinta,5,10,loja_fisica,1,2,179.00,1
2025-12-15,Segunda,2,18,ecommerce,4,6,1113.93,4
2025-12-19,Sexta,6,11,loja_fisica,1,2,304.00,1
2025-12-18,Quinta,5,17,ecommerce,5,11,708.01,5
2025-12-13,Sábado,7,8,loja_fisica,4,7,1092.79,4
2025-12-24,Quarta,4,14,ecommerce,3,5,2574.68,3
2025-12-16,Terça,3,14,ecommerce,7,7,745.76,7
2026-01-10,Sábado,7,15,loja_fisica,2,3,2368.70,2
2025-12-19,Sexta,6,8,loja_fisica,2,8,3359.12,2
2025-12-19,Sexta,6,16,loja_fisica,2,2,1217.89,2
2026-01-03,Sábado,7,14,ecommerce,2,3,1736.52,2
2025-12-24,Quarta,4,18,ecommerce,8,11,2177.77,7
2025-12-20,Sábado,7,13,ecommerce,1,1,118.99,1
2026-01-06,Terça,3,18,ecommerce,5,5,871.89,5
2025-12-16,Terça,3,12,ecommerce,5,6,672.07,5
2025-12-21,Domingo,1,23,loja_fisica,1,4,684.00,1
2026-01-09,Sexta,6,14,ecommerce,4,6,685.99,4
2025-12-21,Domingo,1,15,ecommerce,4,4,1367.69,4
2026-01-05,Segunda,2,18,loja_fisica,2,4,602.60,2
2026-01-03,Sábado,7,9,loja_fisica,7,8,1548.62,6
2026-01-04,Domingo,1,14,ecommerce,7,11,2725.70,7
2026-01-06,Terça,3,13,ecommerce,4,5,256.64,4
2025-12-25,Quinta,5,21,loja_fisica,2,2,96.15,2
2026-01-06,Terça,3,13,loja_fisica,1,1,208.91,1
2026-01-04,Domingo,1,17,loja_fisica,4,4,299.60,4
2026-01-02,Sexta,6,1,ecommerce,1,1,59.50,1
2025-12-21,Domingo,1,10,ecommerce,5,6,751.80,4
2025-12-16,Terça,3,13,ecommerce,3,3,418.69,3
2025-12-17,Quarta,4,9,ecommerce,6,8,1400.65,5
2025-12-29,Segunda,2,10,loja_fisica,2,4,322.57,2
2025-12-13,Sábado,7,17,loja_fisica,5,8,1255.79,5
2025-12-24,Quarta,4,21,ecommerce,6,6,834.32,6
2026-01-09,Sexta,6,10,ecommerce,5,6,799.58,4
2025-12-14,Domingo,1,20,loja_fisica,2,2,262.80,2
2026-01-09,Sexta,6,9,loja_fisica,1,1,41.90,1
2025-12-24,Quarta,4,8,loja_fisica,1,1,37.71,1
2026-01-01,Quinta,5,8,loja_fisica,4,5,1125.40,4
2025-12-13,Sábado,7,17,ecommerce,4,8,1958.54,4
2026-01-10,Sábado,7,22,ecommerce,6,8,1890.55,6
2025-12-17,Quarta,4,13,loja_fisica,1,2,59.22,1
2026-01-03,Sábado,7,14,loja_fisica,3,3,327.41,3
2026-01-05,Segunda,2,22,ecommerce,5,9,2534.29,5
2026-01-10,Sábado,7,16,ecommerce,7,12,7351.41,7
2025-12-14,Domingo,1,1,ecommerce,4,5,1617.00,4
2025-12-25,Quinta,5,22,loja_fisica,2,3,190.70,2
2026-01-02,Sexta,6,21,ecommerce,3,3,494.12,3
2025-12-30,Terça,3,15,ecommerce,4,8,983.71,4
2025-12-30,Terça,3,19,ecommerce,10,12,2315.07,8
2025-12-14,Domingo,1,15,loja_fisica,5,5,2534.10,4
2025-12-17,Quarta,4,18,ecommerce,11,15,4044.06,9
2026-01-07,Quarta,4,8,loja_fisica,1,1,1286.09,1
2026-01-02,Sexta,6,12,loja_fisica,1,1,67.90,1
2025-12-20,Sábado,7,16,ecommerce,7,10,1014.73,7
2026-01-08,Quinta,5,18,loja_fisica,2,3,219.99,2
2025-12-14,Domingo,1,13,loja_fisica,2,4,1112.62,2
2026-01-05,Segunda,2,23,ecommerce,3,5,922.61,3
2026-01-09,Sexta,6,21,loja_fisica,4,4,1578.16,4
2025-12-27,Sábado,7,9,loja_fisica,3,5,465.31,3
2025-12-16,Terça,3,10,ecommerce,3,9,518.80,3
2025-12-25,Quinta,5,9,loja_fisica,1,1,220.00,1
2026-01-10,Sábado,7,0,ecommerce,1,1,276.24,1
2026-01-09,Sexta,6,11,ecommerce,4,6,1145.09,4
2026-01-06,Terça,3,23,ecommerce,1,1,393.90,1
2025-12-21,Domingo,1,17,ecommerce,5,5,1963.87,5
2026-01-04,Domingo,1,12,ecommerce,2,4,547.78,2
2025-12-29,Segunda,2,11,loja_fisica,1,2,2184.80,1
2026-01-01,Quinta,5,16,ecommerce,7,10,1885.71,7
2025-12-14,Domingo,1,11,ecommerce,4,4,837.90,4
2025-12-17,Quarta,4,15,loja_fisica,3,4,327.30,3
2025-12-31,Quarta,4,20,ecommerce,6,6,2437.35,5
2025-12-22,Segunda,2,17,loja_fisica,2,4,179.60,2
2025-12-15,Segunda,2,15,ecommerce,5,6,1385.78,5
2025-12-30,Terça,3,20,ecommerce,4,5,834.45,4
2026-01-06,Terça,3,11,ecommerce,7,9,1751.76,5
2025-12-22,Segunda,2,21,ecommerce,5,8,1493.39,5
2025-12-28,Domingo,1,18,ecommerce,5,8,1493.28,5
2025-12-18,Quinta,5,20,loja_fisica,1,1,118.99,1
2025-12-29,Segunda,2,14,ecommerce,1,1,220.00,1
2026-01-01,Quinta,5,1,ecommerce,2,3,328.47,2
2025-12-30,Terça,3,11,ecommerce,5,7,901.66,4
2026-01-08,Quinta,5,17,loja_fisica,1,1,119.90,1
2025-12-28,Domingo,1,23,ecommerce,1,1,39.99,1
2025-12-14,Domingo,1,21,ecommerce,7,9,5592.69,7
2025-12-21,Domingo,1,14,ecommerce,3,3,1630.78,3
2025-12-13,Sábado,7,10,ecommerce,2,2,298.50,2
2025-12-24,Quarta,4,1,loja_fisica,1,1,406.71,1
2026-01-09,Sexta,6,8,loja_fisica,1,1,1428.99,1
2025-12-18,Quinta,5,20,ecommerce,6,16,3348.38,6
2026-01-08,Quinta,5,20,ecommerce,5,6,567.49,5
2025-12-13,Sábado,7,18,ecommerce,7,8,1921.40,6
2025-12-17,Quarta,4,22,loja_fisica,1,1,80.99,1
2025-12-23,Terça,3,22,ecommerce,7,8,1882.25,5
2026-01-11,Domingo,1,20,ecommerce,2,4,1135.87,2
2025-12-27,Sábado,7,20,loja_fisica,1,2,237.98,1
2025-12-18,Quinta,5,14,ecommerce,4,9,1611.40,4
2025-12-21,Domingo,1,14,loja_fisica,1,1,88.90,1
2025-12-13,Sábado,7,22,loja_fisica,2,2,349.54,2
2026-01-03,Sábado,7,11,loja_fisica,1,1,118.00,1
2026-01-10,Sábado,7,12,loja_fisica,2,3,177.79,2
2025-12-23,Terça,3,23,ecommerce,3,5,386.24,3
2025-12-27,Sábado,7,19,ecommerce,5,9,2226.13,5
2025-12-21,Domingo,1,1,loja_fisica,1,1,211.90,1
2026-01-06,Terça,3,8,ecommerce,5,9,2876.14,5
2026-01-02,Sexta,6,20,loja_fisica,5,5,1020.70,4
2025-12-30,Terça,3,22,ecommerce,4,6,691.21,3
2025-12-15,Segunda,2,20,loja_fisica,1,2,179.00,1
2025-12-26,Sexta,6,8,loja_fisica,1,1,52.90,1
2025-12-23,Terça,3,12,loja_fisica,1,1,1139.99,1
2025-12-26,Sexta,6,21,loja_fisica,2,7,642.13,2
2026-01-10,Sábado,7,10,loja_fisica,4,7,1465.68,4
2025-12-13,Sábado,7,20,loja_fisica,1,5,786.45,1
2025-12-15,Segunda,2,11,ecommerce,2,3,182.43,2
2025-12-29,Segunda,2,17,ecommerce,4,4,820.55,3
2026-01-05,Segunda,2,22,loja_fisica,4,5,1676.83,4
2026-01-10,Sábado,7,11,ecommerce,3,5,672.29,3
2025-12-22,Segunda,2,12,ecommerce,1,2,157.80,1
2025-12-17,Quarta,4,12,loja_fisica,2,2,256.80,2
2026-01-08,Quinta,5,14,ecommerce,3,7,5048.86,3
2025-12-15,Segunda,2,13,loja_fisica,1,1,106.31,1
2025-12-26,Sexta,6,12,ecommerce,2,2,197.89,2
2026-01-02,Sexta,6,16,loja_fisica,1,3,380.43,1
2026-01-06,Terça,3,16,ecommerce,7,11,6277.75,7
2025-12-25,Quinta,5,16,loja_fisica,3,3,837.78,3
2026-01-08,Quinta,5,23,ecommerce,1,1,180.12,1
2026-01-08,Quinta,5,10,loja_fisica,2,2,318.44,2
2026-01-07,Quarta,4,23,ecommerce,1,1,41.56,1
2026-01-10,Sábado,7,17,ecommerce,2,3,159.04,2
2025-12-24,Quarta,4,21,loja_fisica,1,1,100.50,1
2025-12-13,Sábado,7,20,ecommerce,6,7,1386.05,6
2026-01-02,Sexta,6,17,ecommerce,4,4,402.79,4
2025-12-25,Quinta,5,14,ecommerce,4,5,589.62,4
2025-12-13,Sábado,7,14,ecommerce,3,7,3676.30,3
2026-01-04,Domingo,1,16,ecommerce,2,2,173.59,2
2025-12-27,Sábado,7,17,loja_fisica,3,4,507.69,3
2026-01-08,Quinta,5,8,loja_fisica,1,1,219.90,1
2025-12-18,Quinta,5,23,loja_fisica,1,1,180.90,1
2026-01-02,Sexta,6,15,ecommerce,4,4,665.99,4
2026-01-08,Quinta,5,18,ecommerce,5,8,2863.65,5
2026-01-07,Quarta,4,13,loja_fisica,1,2,615.00,1
2025-12-25,Quinta,5,17,ecommerce,7,14,1764.99,6
2026-01-07,Quarta,4,12,loja_fisica,3,4,1258.18,3
2025-12-16,Terça,3,21,ecommerce,6,8,3987.71,6
2025-12-31,Quarta,4,1,ecommerce,3,5,706.90,3
2025-12-31,Quarta,4,16,ecommerce,4,8,1287.11,4
2025-12-13,Sábado,7,16,loja_fisica,2,3,264.70,2
2025-12-17,Quarta,4,20,ecommerce,6,8,458.72,6
2025-12-17,Quarta,4,9,loja_fisica,1,2,439.80,1
2026-01-11,Domingo,1,21,loja_fisica,4,7,1268.88,4
2025-12-13,Sábado,7,19,ecommerce,3,7,2474.98,3
2026-01-11,Domingo,1,11,ecommerce,2,2,663.24,2
2025-12-25,Quinta,5,20,loja_fisica,1,2,396.00,1
2025-12-20,Sábado,7,17,ecommerce,5,7,986.06,4
2025-12-21,Domingo,1,16,ecommerce,7,8,944.83,6
2025-12-29,Segunda,2,22,ecommerce,4,6,547.21,3
2025-12-22,Segunda,2,14,ecommerce,3,6,658.05,2
2026-01-02,Sexta,6,17,loja_fisica,6,8,1966.88,6
2025-12-27,Sábado,7,22,loja_fisica,4,6,1138.96,4
2025-12-15,Segunda,2,12,loja_fisica,1,3,224.07,1
2025-12-25,Quinta,5,17,loja_fisica,1,1,486.90,1
2025-12-31,Quarta,4,9,loja_fisica,2,3,392.41,2
2025-12-31,Quarta,4,9,ecommerce,6,6,1961.28,6
2026-01-10,Sábado,7,21,loja_fisica,1,1,135.84,1
2026-01-10,Sábado,7,0,loja_fisica,1,2,89.80,1
2025-12-27,Sábado,7,0,ecommerce,1,1,109.90,1
2025-12-22,Segunda,2,19,loja_fisica,1,1,73.90,1
2025-12-31,Quarta,4,15,loja_fisica,3,4,246.86,3
2025-12-21,Domingo,1,18,ecommerce,5,8,1884.05,5
2025-12-17,Quarta,4,21,loja_fisica,1,1,403.65,1
2025-12-19,Sexta,6,14,loja_fisica,2,3,184.27,2
2025-12-23,Terça,3,14,loja_fisica,2,4,693.60,2
2025-12-23,Terça,3,18,ecommerce,5,5,616.20,5
2025-12-26,Sexta,6,13,loja_fisica,2,3,290.79,2
2025-12-30,Terça,3,18,ecommerce,7,7,1187.61,6
2025-12-13,Sábado,7,13,loja_fisica,3,4,328.33,3
2025-12-23,Terça,3,18,loja_fisica,3,4,568.88,3
2025-12-20,Sábado,7,1,ecommerce,1,1,1034.91,1
2025-12-16,Terça,3,15,loja_fisica,2,4,362.09,2
2025-12-29,Segunda,2,13,ecommerce,4,4,2242.70,3
2026-01-02,Sexta,6,19,ecommerce,2,2,133.69,2
2025-12-13,Sábado,7,12,ecommerce,1,1,48.90,1
2025-12-28,Domingo,1,10,ecommerce,6,9,626.64,6
2026-01-06,Terça,3,21,ecommerce,5,7,974.96,4
2026-01-04,Domingo,1,18,ecommerce,7,8,1432.12,7
2026-01-08,Quinta,5,11,ecommerce,4,7,609.77,4
2026-01-11,Domingo,1,18,ecommerce,5,7,874.17,4
2025-12-27,Sábado,7,17,ecommerce,7,8,2430.17,7
2025-12-15,Segunda,2,21,loja_fisica,2,2,351.89,2
2026-01-11,Domingo,1,10,loja_fisica,1,1,220.00,1
2025-12-29,Segunda,2,8,ecommerce,6,12,1697.05,5
2025-12-22,Segunda,2,17,ecommerce,9,15,2367.66,8
2026-01-06,Terça,3,20,ecommerce,3,3,281.09,3
2026-01-09,Sexta,6,17,loja_fisica,3,3,322.05,3
2025-12-29,Segunda,2,12,loja_fisica,2,2,105.77,2
2026-01-04,Domingo,1,19,loja_fisica,2,4,721.60,2
2025-12-24,Quarta,4,18,loja_fisica,6,6,828.30,6
2026-01-01,Quinta,5,22,ecommerce,5,7,1748.07,4
2026-01-03,Sábado,7,21,ecommerce,6,10,2045.14,6
2025-12-16,Terça,3,15,ecommerce,11,11,3025.86,10
2026-01-09,Sexta,6,16,ecommerce,3,4,763.69,3
2025-12-20,Sábado,7,20,loja_fisica,1,1,76.94,1
2026-01-02,Sexta,6,18,ecommerce,9,10,1046.97,7
2026-01-08,Quinta,5,16,ecommerce,6,11,1393.83,5
2025-12-27,Sábado,7,22,ecommerce,3,3,608.12,3
2026-01-02,Sexta,6,8,ecommerce,5,8,497.35,5
2026-01-03,Sábado,7,13,ecommerce,6,8,1284.92,6
2026-01-06,Terça,3,22,loja_fisica,1,1,395.90,1
2025-12-16,Terça,3,11,loja_fisica,1,2,439.80,1
2025-12-14,Domingo,1,19,loja_fisica,3,5,439.60,3
2026-01-01,Quinta,5,20,ecommerce,5,11,1158.03,5
2026-01-11,Domingo,1,16,ecommerce,3,4,2364.17,3
2026-01-10,Sábado,7,15,ecommerce,6,9,3014.76,6
2025-12-15,Segunda,2,15,loja_fisica,2,3,213.44,2
2025-12-18,Quinta,5,13,loja_fisica,1,1,413.50,1
2025-12-27,Sábado,7,21,loja_fisica,2,2,1518.49,2
2025-12-19,Sexta,6,17,ecommerce,5,8,1858.30,5
2026-01-06,Terça,3,15,loja_fisica,6,11,1885.58,5
2025-12-26,Sexta,6,22,loja_fisica,2,5,265.88,2
2026-01-01,Quinta,5,11,loja_fisica,1,4,1539.96,1
2026-01-01,Quinta,5,9,ecommerce,3,3,490.55,3
2026-01-05,Segunda,2,10,loja_fisica,3,4,1324.29,3
2025-12-15,Segunda,2,13,ecommerce,2,2,151.89,2
2025-12-24,Quarta,4,20,loja_fisica,6,7,890.98,5
2025-12-13,Sábado,7,9,ecommerce,4,8,968.70,4
2025-12-31,Quarta,4,17,ecommerce,4,4,1496.62,4
2025-12-17,Quarta,4,11,ecommerce,3,5,637.68,3
2025-12-23,Terça,3,13,loja_fisica,1,4,431.64,1
2025-12-27,Sábado,7,12,ecommerce,2,2,179.80,2
2026-01-02,Sexta,6,0,ecommerce,1,1,68.90,1
2026-01-03,Sábado,7,17,ecommerce,6,7,847.76,6
2025-12-20,Sábado,7,9,loja_fisica,2,4,628.72,2
2025-12-15,Segunda,2,16,ecommerce,5,7,1318.11,5
2025-12-20,Sábado,7,12,loja_fisica,1,4,358.00,1
2025-12-22,Segunda,2,14,loja_fisica,2,2,195.71,2
2026-01-02,Sexta,6,20,ecommerce,1,1,203.29,1
2025-12-18,Quinta,5,21,loja_fisica,1,1,118.80,1
2025-12-19,Sexta,6,12,loja_fisica,3,4,345.64,3
2025-12-23,Terça,3,10,ecommerce,4,7,2049.91,4
2026-01-08,Quinta,5,19,loja_fisica,4,6,647.80,4
2025-12-28,Domingo,1,11,loja_fisica,2,2,435.80,2
2025-12-22,Segunda,2,11,ecommerce,4,4,550.78,3
2025-12-16,Terça,3,17,ecommerce,7,9,2401.27,7
2026-01-07,Quarta,4,18,ecommerce,5,5,1757.71,4
2025-12-26,Sexta,6,16,loja_fisica,2,2,84.89,2
2025-12-30,Terça,3,10,ecommerce,5,11,1351.79,5
2026-01-06,Terça,3,9,loja_fisica,2,3,1146.42,2
2025-12-21,Domingo,1,12,loja_fisica,2,2,683.50,2
2026-01-10,Sábado,7,23,ecommerce,3,4,450.73,3
2026-01-05,Segunda,2,19,loja_fisica,1,3,150.75,1
2025-12-19,Sexta,6,12,ecommerce,4,5,1068.67,4
2025-12-30,Terça,3,14,loja_fisica,3,8,5894.00,3
2025-12-16,Terça,3,20,ecommerce,5,6,1884.02,4
2025-12-22,Segunda,2,12,loja_fisica,1,1,60.21,1
2025-12-26,Sexta,6,1,ecommerce,2,2,64.46,1
2025-12-24,Quarta,4,10,ecommerce,6,9,2015.45,6
2026-01-07,Quarta,4,20,ecommerce,3,3,281.12,3
2026-01-03,Sábado,7,19,ecommerce,6,9,1393.78,6
2025-12-31,Quarta,4,23,ecommerce,2,6,6345.74,2
2025-12-20,Sábado,7,11,loja_fisica,1,2,137.80,1
2026-01-11,Domingo,1,8,loja_fisica,2,4,444.10,2
2025-12-28,Domingo,1,10,loja_fisica,3,4,282.88,3
2025-12-28,Domingo,1,9,ecommerce,4,4,1168.40,4
2025-12-27,Sábado,7,13,ecommerce,8,13,1895.52,6
2026-01-07,Quarta,4,1,ecommerce,1,1,451.90,1
2026-01-09,Sexta,6,22,loja_fisica,4,8,1342.70,4
2026-01-03,Sábado,7,12,loja_fisica,1,2,929.80,1
2025-12-13,Sábado,7,8,ecommerce,4,4,264.08,4
2025-12-20,Sábado,7,18,ecommerce,11,21,7361.82,9
2026-01-05,Segunda,2,8,ecommerce,9,11,3891.20,7
2025-12-14,Domingo,1,11,loja_fisica,1,1,100.90,1
2025-12-23,Terça,3,15,ecommerce,5,7,1331.57,5
2025-12-18,Quinta,5,11,ecommerce,6,7,2749.71,6
2026-01-06,Terça,3,23,loja_fisica,2,2,278.45,2
2025-12-18,Quinta,5,16,loja_fisica,5,8,1621.29,5
2026-01-09,Sexta,6,23,ecommerce,2,2,303.89,2
2026-01-01,Quinta,5,18,loja_fisica,2,3,573.70,2
2025-12-15,Segunda,2,17,loja_fisica,2,3,243.09,2
2025-12-18,Quinta,5,16,ecommerce,4,6,1451.11,4
2025-12-20,Sábado,7,1,loja_fisica,1,2,440.00,1
2026-01-06,Terça,3,20,loja_fisica,2,2,178.85,2
2025-12-28,Domingo,1,19,loja_fisica,1,1,80.99,1
2026-01-09,Sexta,6,18,ecommerce,9,14,1356.46,8
2025-12-20,Sábado,7,19,loja_fisica,1,1,88.99,1
2026-01-04,Domingo,1,22,loja_fisica,2,4,163.82,2
2025-12-15,Segunda,2,22,ecommerce,5,10,1720.59,5
2026-01-02,Sexta,6,8,loja_fisica,2,3,848.80,2
2025-12-19,Sexta,6,18,loja_fisica,3,5,314.56,3
2025-12-31,Quarta,4,14,loja_fisica,1,1,68.90,1
2025-12-26,Sexta,6,17,loja_fisica,2,2,151.15,2
2026-01-02,Sexta,6,10,ecommerce,5,8,1364.52,5
2025-12-22,Segunda,2,8,ecommerce,4,7,1411.62,4
2026-01-04,Domingo,1,11,loja_fisica,1,2,272.58,1
2025-12-25,Quinta,5,1,ecommerce,1,1,1149.90,1
2025-12-19,Sexta,6,16,ecommerce,4,4,557.61,3
2025-12-15,Segunda,2,17,ecommerce,7,13,4298.83,7
2026-01-07,Quarta,4,11,ecommerce,4,4,175.50,4
2026-01-07,Quarta,4,17,ecommerce,7,13,3482.53,7
2025-12-16,Terça,3,23,loja_fisica,1,1,383.31,1
2025-12-24,Quarta,4,9,ecommerce,2,2,253.51,2
2025-12-29,Segunda,2,22,loja_fisica,2,6,2713.80,2
2025-12-22,Segunda,2,13,ecommerce,5,8,2111.32,5
2026-01-11,Domingo,1,22,ecommerce,4,6,612.53,3
2026-01-04,Domingo,1,9,loja_fisica,1,1,86.79,1
2025-12-17,Quarta,4,19,ecommerce,2,2,118.80,2
2025-12-30,Terça,3,15,loja_fisica,1,1,97.75,1
2025-12-25,Quinta,5,19,loja_fisica,1,1,128.69,1
2025-12-20,Sábado,7,21,ecommerce,5,6,1125.36,5
2025-12-20,Sábado,7,21,loja_fisica,5,6,1341.31,5
2025-12-26,Sexta,6,17,ecommerce,10,17,2123.41,10
2025-12-30,Terça,3,19,loja_fisica,4,5,1574.75,4
2026-01-11,Domingo,1,12,ecommerce,8,10,1222.10,8
2025-12-29,Segunda,2,8,loja_fisica,1,1,441.65,1
2025-12-17,Quarta,4,10,loja_fisica,3,5,1424.14,3
2025-12-15,Segunda,2,0,ecommerce,2,4,378.40,2
2026-01-11,Domingo,1,8,ecommerce,4,7,4472.24,4
2025-12-26,Sexta,6,11,ecommerce,7,13,1604.89,7
2026-01-07,Quarta,4,9,ecommerce,3,5,923.07,3
2025-12-15,Segunda,2,12,ecommerce,4,6,763.64,4
2025-12-14,Domingo,1,12,ecommerce,2,2,1493.98,2
2025-12-22,Segunda,2,9,loja_fisica,1,1,58.57,1
2025-12-31,Quarta,4,18,ecommerce,6,9,834.06,6
2026-01-01,Quinta,5,17,ecommerce,2,2,297.41,2
2025-12-19,Sexta,6,23,ecommerce,3,4,556.86,2
2025-12-17,Quarta,4,13,ecommerce,6,11,4890.76,6
